-- phpMyAdmin SQL Dump
-- version 4.2.7.1
-- http://www.phpmyadmin.net
--
-- Host: localhost
-- Generation Time: Mar 22, 2017 at 04:45 PM
-- Server version: 5.6.20
-- PHP Version: 5.5.15

SET SQL_MODE = "NO_AUTO_VALUE_ON_ZERO";
SET time_zone = "+00:00";


/*!40101 SET @OLD_CHARACTER_SET_CLIENT=@@CHARACTER_SET_CLIENT */;
/*!40101 SET @OLD_CHARACTER_SET_RESULTS=@@CHARACTER_SET_RESULTS */;
/*!40101 SET @OLD_COLLATION_CONNECTION=@@COLLATION_CONNECTION */;
/*!40101 SET NAMES utf8 */;

--
-- Database: `CL_CLASSROOM_WAA`
--

-- --------------------------------------------------------

--
-- Table structure for table `answers`
--

CREATE TABLE IF NOT EXISTS `answers` (
  `id_user` int(11) NOT NULL,
  `id_question` int(11) NOT NULL,
  `answered_value` text CHARACTER SET utf8 NOT NULL,
  `date` timestamp NOT NULL DEFAULT CURRENT_TIMESTAMP ON UPDATE CURRENT_TIMESTAMP,
  `classID` varchar(10) CHARACTER SET utf8 NOT NULL
) ENGINE=InnoDB DEFAULT CHARSET=latin1;

--
-- Dumping data for table `answers`
--

INSERT INTO `answers` (`id_user`, `id_question`, `answered_value`, `date`, `classID`) VALUES
(191, 1, '45', '2017-02-01 14:04:18', 'CLC977337C'),
(191, 2, '60', '2017-02-01 14:08:03', 'CLC977337C'),
(191, 3, '40', '2017-02-01 14:04:40', 'CLC977337C'),
(191, 4, '40', '2017-02-01 14:08:24', 'CLC977337C'),
(191, 5, '60', '2017-02-01 14:05:53', 'CLC977337C'),
(191, 6, '80', '2017-02-01 14:08:35', 'CLC977337C'),
(191, 7, '20', '2017-02-01 14:05:24', 'CLC977337C'),
(191, 8, '10', '2017-02-01 14:06:56', 'CLC977337C'),
(191, 9, '80', '2017-02-01 13:05:59', 'CLC977337C'),
(191, 10, '70', '2017-02-01 14:05:05', 'CLC977337C'),
(191, 11, '70', '2017-02-01 14:04:29', 'CLC977337C'),
(191, 12, '50', '2017-02-01 13:06:10', 'CLC977337C'),
(191, 13, '30', '2017-02-01 14:07:30', 'CLC977337C'),
(191, 14, '20', '2017-02-01 14:07:16', 'CLC977337C'),
(191, 15, '20', '2017-02-01 14:06:36', 'CLC977337C'),
(191, 16, '50', '2017-02-01 14:06:44', 'CLC977337C'),
(191, 17, '50', '2017-02-01 14:08:13', 'CLC977337C'),
(191, 18, '55', '2017-02-01 14:07:46', 'CLC977337C'),
(191, 19, '1', '2017-02-01 14:08:48', 'CLC977337C'),
(191, 20, '80', '2017-02-01 14:05:39', 'CLC977337C'),
(191, 21, '75', '2017-02-01 14:04:50', 'CLC977337C'),
(191, 22, '70', '2017-02-01 14:07:03', 'CLC977337C'),
(191, 23, '35', '2017-02-01 13:06:31', 'CLC977337C'),
(192, 1, '66', '2017-02-01 14:04:15', 'CLC977337C'),
(192, 2, '58', '2017-02-01 14:06:40', 'CLC977337C'),
(192, 3, '50', '2017-02-01 14:07:10', 'CLC977337C'),
(192, 4, '49', '2017-02-01 14:06:53', 'CLC977337C'),
(192, 5, '60', '2017-02-01 14:05:15', 'CLC977337C'),
(192, 6, '19', '2017-02-01 14:05:37', 'CLC977337C'),
(192, 7, '34', '2017-02-01 14:04:53', 'CLC977337C'),
(192, 8, '7', '2017-02-01 14:07:01', 'CLC977337C'),
(192, 9, '100', '2017-02-01 13:05:37', 'CLC977337C'),
(192, 10, '80', '2017-02-01 14:07:47', 'CLC977337C'),
(192, 11, '19', '2017-02-01 14:08:03', 'CLC977337C'),
(192, 12, '32', '2017-02-01 13:05:47', 'CLC977337C'),
(192, 13, '33', '2017-02-01 14:08:15', 'CLC977337C'),
(192, 14, '2', '2017-02-01 14:08:35', 'CLC977337C'),
(192, 15, '50', '2017-02-01 14:05:51', 'CLC977337C'),
(192, 16, '69', '2017-02-01 14:05:23', 'CLC977337C'),
(192, 17, '78', '2017-02-01 14:07:28', 'CLC977337C'),
(192, 18, '50', '2017-02-01 14:06:45', 'CLC977337C'),
(192, 19, '13', '2017-02-01 14:08:26', 'CLC977337C'),
(192, 20, '50', '2017-02-01 14:07:31', 'CLC977337C'),
(192, 21, '100', '2017-02-01 14:05:00', 'CLC977337C'),
(192, 22, '50', '2017-02-01 14:05:26', 'CLC977337C'),
(192, 23, '50', '2017-02-01 13:05:50', 'CLC977337C'),
(193, 1, '28', '2017-02-01 14:04:13', 'CLC977337C'),
(193, 2, '16', '2017-02-01 14:06:54', 'CLC977337C'),
(193, 3, '6', '2017-02-01 14:07:02', 'CLC977337C'),
(193, 4, '25', '2017-02-01 14:10:09', 'CLC977337C'),
(193, 5, '6', '2017-02-01 14:04:46', 'CLC977337C'),
(193, 6, '65', '2017-02-01 14:04:32', 'CLC977337C'),
(193, 7, '60', '2017-02-01 14:05:02', 'CLC977337C'),
(193, 8, '6', '2017-02-01 14:07:30', 'CLC977337C'),
(193, 9, '62', '2017-02-01 13:05:46', 'CLC977337C'),
(193, 10, '95', '2017-02-01 14:05:46', 'CLC977337C'),
(193, 11, '80', '2017-02-01 14:10:37', 'CLC977337C'),
(193, 12, '68', '2017-02-01 13:05:52', 'CLC977337C'),
(193, 13, '35', '2017-02-01 14:05:16', 'CLC977337C'),
(193, 14, '1', '2017-02-01 14:09:09', 'CLC977337C'),
(193, 15, '26', '2017-02-01 14:08:16', 'CLC977337C'),
(193, 16, '65', '2017-02-01 14:07:48', 'CLC977337C'),
(193, 17, '39', '2017-02-01 14:10:23', 'CLC977337C'),
(193, 18, '64', '2017-02-01 14:09:39', 'CLC977337C'),
(193, 19, '15', '2017-02-01 14:06:34', 'CLC977337C'),
(193, 20, '45', '2017-02-01 14:06:09', 'CLC977337C'),
(193, 21, '72', '2017-02-01 14:08:48', 'CLC977337C'),
(193, 22, '60', '2017-02-01 14:08:35', 'CLC977337C'),
(193, 23, '22', '2017-02-01 13:06:03', 'CLC977337C'),
(194, 1, '55', '2017-02-01 14:04:48', 'CLC977337C'),
(194, 2, '82', '2017-02-01 14:08:38', 'CLC977337C'),
(194, 3, '35', '2017-02-01 14:13:38', 'CLC977337C'),
(194, 4, '44', '2017-02-01 14:14:14', 'CLC977337C'),
(194, 5, '93', '2017-02-01 14:07:31', 'CLC977337C'),
(194, 6, '70', '2017-02-01 14:13:21', 'CLC977337C'),
(194, 7, '66', '2017-02-01 14:12:25', 'CLC977337C'),
(194, 8, '7', '2017-02-01 14:12:14', 'CLC977337C'),
(194, 9, '100', '2017-02-01 13:05:59', 'CLC977337C'),
(194, 10, '76', '2017-02-01 14:06:28', 'CLC977337C'),
(194, 11, '60', '2017-02-01 14:13:28', 'CLC977337C'),
(194, 12, '68', '2017-02-01 13:06:26', 'CLC977337C'),
(194, 13, '62', '2017-02-01 14:14:20', 'CLC977337C'),
(194, 14, '67', '2017-02-01 14:14:04', 'CLC977337C'),
(194, 15, '68', '2017-02-01 14:11:28', 'CLC977337C'),
(194, 16, '74', '2017-02-01 14:10:42', 'CLC977337C'),
(194, 17, '72', '2017-02-01 14:13:51', 'CLC977337C'),
(194, 18, '64', '2017-02-01 14:12:59', 'CLC977337C'),
(194, 19, '70', '2017-02-01 14:13:58', 'CLC977337C'),
(194, 20, '81', '2017-02-01 14:09:42', 'CLC977337C'),
(194, 21, '82', '2017-02-01 14:11:08', 'CLC977337C'),
(194, 22, '77', '2017-02-01 14:12:46', 'CLC977337C'),
(194, 23, '50', '2017-02-01 13:06:46', 'CLC977337C'),
(195, 1, '75', '2017-02-01 14:06:10', 'CLC977337C'),
(195, 2, '85', '2017-02-01 14:16:57', 'CLC977337C'),
(195, 3, '65', '2017-02-01 14:10:19', 'CLC977337C'),
(195, 4, '65', '2017-02-01 14:08:14', 'CLC977337C'),
(195, 5, '80', '2017-02-01 14:13:09', 'CLC977337C'),
(195, 6, '50', '2017-02-01 14:12:02', 'CLC977337C'),
(195, 7, '12', '2017-02-01 14:12:50', 'CLC977337C'),
(195, 8, '50', '2017-02-01 14:09:33', 'CLC977337C'),
(195, 9, '88', '2017-02-01 13:07:53', 'CLC977337C'),
(195, 10, '13', '2017-02-01 14:14:38', 'CLC977337C'),
(195, 11, '40', '2017-02-01 14:11:50', 'CLC977337C'),
(195, 12, '75', '2017-02-01 13:08:15', 'CLC977337C'),
(195, 13, '75', '2017-02-01 14:16:16', 'CLC977337C'),
(195, 14, '50', '2017-02-01 14:15:50', 'CLC977337C'),
(195, 15, '50', '2017-02-01 14:16:36', 'CLC977337C'),
(195, 16, '80', '2017-02-01 14:06:56', 'CLC977337C'),
(195, 17, '65', '2017-02-01 14:15:22', 'CLC977337C'),
(195, 18, '80', '2017-02-01 14:11:24', 'CLC977337C'),
(195, 19, '75', '2017-02-01 14:07:28', 'CLC977337C'),
(195, 20, '20', '2017-02-01 14:17:19', 'CLC977337C'),
(195, 21, '85', '2017-02-01 14:13:25', 'CLC977337C'),
(195, 22, '75', '2017-02-01 14:14:51', 'CLC977337C'),
(195, 23, '50', '2017-02-01 13:08:24', 'CLC977337C'),
(196, 1, '60', '2017-02-01 14:04:32', 'CLC977337C'),
(196, 2, '38', '2017-02-01 14:05:18', 'CLC977337C'),
(196, 3, '33', '2017-02-01 14:09:59', 'CLC977337C'),
(196, 4, '22', '2017-02-01 14:10:33', 'CLC977337C'),
(196, 5, '37', '2017-02-01 14:04:56', 'CLC977337C'),
(196, 6, '78', '2017-02-01 14:10:44', 'CLC977337C'),
(196, 7, '30', '2017-02-01 14:09:01', 'CLC977337C'),
(196, 8, '20', '2017-02-01 14:10:15', 'CLC977337C'),
(196, 9, '90', '2017-02-01 13:07:28', 'CLC977337C'),
(196, 10, '89', '2017-02-01 14:06:30', 'CLC977337C'),
(196, 11, '89', '2017-02-01 14:10:24', 'CLC977337C'),
(196, 12, '80', '2017-02-01 13:07:40', 'CLC977337C'),
(196, 13, '21', '2017-02-01 14:08:15', 'CLC977337C'),
(196, 14, '8', '2017-02-01 14:08:38', 'CLC977337C'),
(196, 15, '10', '2017-02-01 14:09:32', 'CLC977337C'),
(196, 16, '70', '2017-02-01 14:09:40', 'CLC977337C'),
(196, 17, '80', '2017-02-01 14:07:32', 'CLC977337C'),
(196, 18, '70', '2017-02-01 14:05:56', 'CLC977337C'),
(196, 19, '8', '2017-02-01 14:09:13', 'CLC977337C'),
(196, 20, '81', '2017-02-01 14:08:28', 'CLC977337C'),
(196, 21, '100', '2017-02-01 14:09:46', 'CLC977337C'),
(196, 22, '75', '2017-02-01 14:07:10', 'CLC977337C'),
(196, 23, '1', '2017-02-01 13:08:07', 'CLC977337C'),
(197, 1, '55', '2017-02-01 14:04:26', 'CLC977337C'),
(197, 2, '50', '2017-02-01 14:10:12', 'CLC977337C'),
(197, 3, '64', '2017-02-01 14:06:13', 'CLC977337C'),
(197, 4, '50', '2017-02-01 14:07:44', 'CLC977337C'),
(197, 5, '63', '2017-02-01 14:07:16', 'CLC977337C'),
(197, 6, '30', '2017-02-01 14:09:18', 'CLC977337C'),
(197, 7, '3', '2017-02-01 14:11:09', 'CLC977337C'),
(197, 8, '7', '2017-02-01 14:05:46', 'CLC977337C'),
(197, 9, '85', '2017-02-01 13:06:27', 'CLC977337C'),
(197, 10, '76', '2017-02-01 14:09:44', 'CLC977337C'),
(197, 11, '57', '2017-02-01 14:10:01', 'CLC977337C'),
(197, 12, '35', '2017-02-01 13:07:07', 'CLC977337C'),
(197, 13, '76', '2017-02-01 14:10:40', 'CLC977337C'),
(197, 14, '50', '2017-02-01 14:07:34', 'CLC977337C'),
(197, 15, '56', '2017-02-01 14:06:54', 'CLC977337C'),
(197, 16, '50', '2017-02-01 14:08:12', 'CLC977337C'),
(197, 17, '50', '2017-02-01 14:10:47', 'CLC977337C'),
(197, 18, '50', '2017-02-01 14:08:20', 'CLC977337C'),
(197, 19, '50', '2017-02-01 14:10:55', 'CLC977337C'),
(197, 20, '50', '2017-02-01 14:08:02', 'CLC977337C'),
(197, 21, '70', '2017-02-01 14:04:54', 'CLC977337C'),
(197, 22, '94', '2017-02-01 14:10:24', 'CLC977337C'),
(197, 23, '15', '2017-02-01 13:07:26', 'CLC977337C'),
(198, 1, '34', '2017-02-01 14:04:21', 'CLC977337C'),
(198, 2, '25', '2017-02-01 14:06:53', 'CLC977337C'),
(198, 3, '22', '2017-02-01 14:07:32', 'CLC977337C'),
(198, 4, '56', '2017-02-01 14:10:06', 'CLC977337C'),
(198, 5, '30', '2017-02-01 14:10:25', 'CLC977337C'),
(198, 6, '90', '2017-02-01 14:10:17', 'CLC977337C'),
(198, 7, '20', '2017-02-01 14:07:12', 'CLC977337C'),
(198, 8, '21', '2017-02-01 14:05:30', 'CLC977337C'),
(198, 9, '70', '2017-02-01 13:07:12', 'CLC977337C'),
(198, 10, '86', '2017-02-01 14:08:26', 'CLC977337C'),
(198, 11, '38', '2017-02-01 14:10:32', 'CLC977337C'),
(198, 12, '82', '2017-02-01 13:07:43', 'CLC977337C'),
(198, 13, '45', '2017-02-01 14:10:40', 'CLC977337C'),
(198, 14, '7', '2017-02-01 14:07:52', 'CLC977337C'),
(198, 15, '6', '2017-02-01 14:06:33', 'CLC977337C'),
(198, 16, '76', '2017-02-01 14:09:45', 'CLC977337C'),
(198, 17, '80', '2017-02-01 14:08:08', 'CLC977337C'),
(198, 18, '73', '2017-02-01 14:04:30', 'CLC977337C'),
(198, 19, '1', '2017-02-01 14:09:37', 'CLC977337C'),
(198, 20, '32', '2017-02-01 14:04:56', 'CLC977337C'),
(198, 21, '69', '2017-02-01 14:08:34', 'CLC977337C'),
(198, 22, '38', '2017-02-01 14:09:53', 'CLC977337C'),
(198, 23, '17', '2017-02-01 13:07:49', 'CLC977337C'),
(199, 1, '65', '2017-02-01 14:04:35', 'CLC977337C'),
(199, 2, '65', '2017-02-01 14:08:08', 'CLC977337C'),
(199, 3, '10', '2017-02-01 14:10:08', 'CLC977337C'),
(199, 4, '57', '2017-02-01 14:11:37', 'CLC977337C'),
(199, 5, '71', '2017-02-01 14:12:47', 'CLC977337C'),
(199, 6, '85', '2017-02-01 14:11:13', 'CLC977337C'),
(199, 7, '8', '2017-02-01 14:09:08', 'CLC977337C'),
(199, 8, '11', '2017-02-01 14:07:34', 'CLC977337C'),
(199, 9, '100', '2017-02-01 13:07:40', 'CLC977337C'),
(199, 10, '70', '2017-02-01 14:10:02', 'CLC977337C'),
(199, 11, '68', '2017-02-01 14:10:19', 'CLC977337C'),
(199, 12, '100', '2017-02-01 13:07:55', 'CLC977337C'),
(199, 13, '71', '2017-02-01 14:08:31', 'CLC977337C'),
(199, 14, '67', '2017-02-01 14:12:26', 'CLC977337C'),
(199, 15, '50', '2017-02-01 14:05:02', 'CLC977337C'),
(199, 16, '80', '2017-02-01 14:07:07', 'CLC977337C'),
(199, 17, '76', '2017-02-01 14:08:18', 'CLC977337C'),
(199, 18, '69', '2017-02-01 14:11:07', 'CLC977337C'),
(199, 19, '56', '2017-02-01 14:11:22', 'CLC977337C'),
(199, 20, '34', '2017-02-01 14:12:59', 'CLC977337C'),
(199, 21, '89', '2017-02-01 14:08:37', 'CLC977337C'),
(199, 22, '82', '2017-02-01 14:12:39', 'CLC977337C'),
(199, 23, '4', '2017-02-01 13:08:13', 'CLC977337C'),
(200, 1, '70', '2017-02-01 14:04:28', 'CLC977337C'),
(200, 2, '78', '2017-02-01 14:06:15', 'CLC977337C'),
(200, 3, '85', '2017-02-01 14:05:35', 'CLC977337C'),
(200, 4, '50', '2017-02-01 14:05:46', 'CLC977337C'),
(200, 5, '85', '2017-02-01 14:10:19', 'CLC977337C'),
(200, 6, '10', '2017-02-01 14:08:36', 'CLC977337C'),
(200, 7, '8', '2017-02-01 14:08:01', 'CLC977337C'),
(200, 8, '79', '2017-02-01 14:07:28', 'CLC977337C'),
(200, 9, '80', '2017-02-01 13:09:47', 'CLC977337C'),
(200, 10, '28', '2017-02-01 14:06:59', 'CLC977337C'),
(200, 11, '25', '2017-02-01 14:08:25', 'CLC977337C'),
(200, 12, '93', '2017-02-01 13:09:55', 'CLC977337C'),
(200, 13, '80', '2017-02-01 14:10:32', 'CLC977337C'),
(200, 14, '87', '2017-02-01 14:06:44', 'CLC977337C'),
(200, 15, '73', '2017-02-01 14:07:12', 'CLC977337C'),
(200, 16, '87', '2017-02-01 14:07:38', 'CLC977337C'),
(200, 17, '88', '2017-02-01 14:10:11', 'CLC977337C'),
(200, 18, '74', '2017-02-01 14:05:13', 'CLC977337C'),
(200, 19, '25', '2017-02-01 14:08:47', 'CLC977337C'),
(200, 20, '81', '2017-02-01 14:08:14', 'CLC977337C'),
(200, 21, '85', '2017-02-01 14:04:57', 'CLC977337C'),
(200, 22, '80', '2017-02-01 14:04:49', 'CLC977337C'),
(200, 23, '90', '2017-02-01 13:10:43', 'CLC977337C'),
(201, 1, '80', '2017-02-02 19:43:25', 'CLA32D8DDD'),
(201, 2, '80', '2017-02-02 19:43:55', 'CLA32D8DDD'),
(201, 3, '66', '2017-02-02 19:45:23', 'CLA32D8DDD'),
(201, 4, '80', '2017-02-02 19:45:01', 'CLA32D8DDD'),
(201, 5, '70', '2017-02-02 19:44:34', 'CLA32D8DDD'),
(201, 6, '30', '2017-02-02 19:44:41', 'CLA32D8DDD'),
(201, 7, '100', '2017-02-02 19:43:47', 'CLA32D8DDD'),
(201, 8, '50', '2017-02-02 19:45:28', 'CLA32D8DDD'),
(201, 9, '40', '2017-02-02 18:39:52', 'CLA32D8DDD'),
(201, 10, '30', '2017-02-02 19:43:36', 'CLA32D8DDD'),
(201, 11, '50', '2017-02-02 19:45:33', 'CLA32D8DDD'),
(201, 12, '70', '2017-02-02 18:40:00', 'CLA32D8DDD'),
(201, 13, '100', '2017-02-02 19:44:01', 'CLA32D8DDD'),
(201, 14, '40', '2017-02-02 19:44:11', 'CLA32D8DDD'),
(201, 15, '50', '2017-02-02 19:44:21', 'CLA32D8DDD'),
(201, 16, '50', '2017-02-02 19:45:26', 'CLA32D8DDD'),
(201, 17, '50', '2017-02-02 19:44:24', 'CLA32D8DDD'),
(201, 18, '80', '2017-02-02 19:44:52', 'CLA32D8DDD'),
(201, 19, '50', '2017-02-02 19:45:34', 'CLA32D8DDD'),
(201, 20, '50', '2017-02-02 19:44:18', 'CLA32D8DDD'),
(201, 21, '1', '2017-02-02 19:45:39', 'CLA32D8DDD'),
(201, 22, '50', '2017-02-02 19:45:30', 'CLA32D8DDD'),
(201, 23, '50', '2017-02-02 18:40:16', 'CLA32D8DDD'),
(202, 1, '65', '2017-02-02 19:43:27', 'CLA32D8DDD'),
(202, 2, '67', '2017-02-02 19:47:11', 'CLA32D8DDD'),
(202, 3, '42', '2017-02-02 19:48:21', 'CLA32D8DDD'),
(202, 4, '74', '2017-02-02 19:46:49', 'CLA32D8DDD'),
(202, 5, '42', '2017-02-02 19:48:42', 'CLA32D8DDD'),
(202, 6, '89', '2017-02-02 19:46:55', 'CLA32D8DDD'),
(202, 7, '41', '2017-02-02 19:49:04', 'CLA32D8DDD'),
(202, 8, '23', '2017-02-02 19:47:38', 'CLA32D8DDD'),
(202, 9, '100', '2017-02-02 18:40:07', 'CLA32D8DDD'),
(202, 10, '90', '2017-02-02 19:43:48', 'CLA32D8DDD'),
(202, 11, '65', '2017-02-02 19:46:34', 'CLA32D8DDD'),
(202, 12, '90', '2017-02-02 18:40:21', 'CLA32D8DDD'),
(202, 13, '30', '2017-02-02 19:47:46', 'CLA32D8DDD'),
(202, 14, '30', '2017-02-02 19:48:34', 'CLA32D8DDD'),
(202, 15, '15', '2017-02-02 19:48:09', 'CLA32D8DDD'),
(202, 16, '53', '2017-02-02 19:47:55', 'CLA32D8DDD'),
(202, 17, '74', '2017-02-02 19:48:50', 'CLA32D8DDD'),
(202, 18, '79', '2017-02-02 19:47:01', 'CLA32D8DDD'),
(202, 19, '29', '2017-02-02 19:48:56', 'CLA32D8DDD'),
(202, 20, '31', '2017-02-02 19:48:03', 'CLA32D8DDD'),
(202, 21, '88', '2017-02-02 19:43:32', 'CLA32D8DDD'),
(202, 22, '98', '2017-02-02 19:46:39', 'CLA32D8DDD'),
(202, 23, '72', '2017-02-02 18:40:46', 'CLA32D8DDD'),
(203, 1, '60', '2017-02-02 19:43:27', 'CLA32D8DDD'),
(203, 2, '66', '2017-02-02 19:44:54', 'CLA32D8DDD'),
(203, 3, '64', '2017-02-02 19:46:41', 'CLA32D8DDD'),
(203, 4, '50', '2017-02-02 19:45:12', 'CLA32D8DDD'),
(203, 5, '60', '2017-02-02 19:45:39', 'CLA32D8DDD'),
(203, 6, '31', '2017-02-02 19:44:02', 'CLA32D8DDD'),
(203, 7, '30', '2017-02-02 19:47:19', 'CLA32D8DDD'),
(203, 8, '6', '2017-02-02 19:45:04', 'CLA32D8DDD'),
(203, 9, '80', '2017-02-02 18:40:31', 'CLA32D8DDD'),
(203, 10, '60', '2017-02-02 19:46:01', 'CLA32D8DDD'),
(203, 11, '9', '2017-02-02 19:44:14', 'CLA32D8DDD'),
(203, 12, '50', '2017-02-02 18:40:35', 'CLA32D8DDD'),
(203, 13, '60', '2017-02-02 19:45:31', 'CLA32D8DDD'),
(203, 14, '40', '2017-02-02 19:45:21', 'CLA32D8DDD'),
(203, 15, '12', '2017-02-02 19:46:25', 'CLA32D8DDD'),
(203, 16, '41', '2017-02-02 19:44:34', 'CLA32D8DDD'),
(203, 17, '90', '2017-02-02 19:46:51', 'CLA32D8DDD'),
(203, 18, '50', '2017-02-02 19:43:39', 'CLA32D8DDD'),
(203, 19, '40', '2017-02-02 19:46:15', 'CLA32D8DDD'),
(203, 20, '69', '2017-02-02 19:47:07', 'CLA32D8DDD'),
(203, 21, '32', '2017-02-02 19:47:31', 'CLA32D8DDD'),
(203, 22, '45', '2017-02-02 19:45:47', 'CLA32D8DDD'),
(203, 23, '50', '2017-02-02 18:40:49', 'CLA32D8DDD'),
(204, 1, '60', '2017-02-02 19:43:18', 'CLA32D8DDD'),
(204, 2, '60', '2017-02-02 19:43:56', 'CLA32D8DDD'),
(204, 3, '35', '2017-02-02 19:45:18', 'CLA32D8DDD'),
(204, 4, '31', '2017-02-02 19:45:05', 'CLA32D8DDD'),
(204, 5, '50', '2017-02-02 19:45:46', 'CLA32D8DDD'),
(204, 6, '68', '2017-02-02 19:45:09', 'CLA32D8DDD'),
(204, 7, '68', '2017-02-02 19:44:04', 'CLA32D8DDD'),
(204, 8, '10', '2017-02-02 19:44:19', 'CLA32D8DDD'),
(204, 9, '90', '2017-02-02 18:41:20', 'CLA32D8DDD'),
(204, 10, '89', '2017-02-02 19:46:00', 'CLA32D8DDD'),
(204, 11, '32', '2017-02-02 19:44:37', 'CLA32D8DDD'),
(204, 12, '80', '2017-02-02 18:41:26', 'CLA32D8DDD'),
(204, 13, '36', '2017-02-02 19:44:12', 'CLA32D8DDD'),
(204, 14, '8', '2017-02-02 19:44:31', 'CLA32D8DDD'),
(204, 15, '23', '2017-02-02 19:43:42', 'CLA32D8DDD'),
(204, 16, '88', '2017-02-02 19:45:52', 'CLA32D8DDD'),
(204, 17, '67', '2017-02-02 19:44:25', 'CLA32D8DDD'),
(204, 18, '57', '2017-02-02 19:43:31', 'CLA32D8DDD'),
(204, 19, '19', '2017-02-02 19:45:42', 'CLA32D8DDD'),
(204, 20, '63', '2017-02-02 19:45:56', 'CLA32D8DDD'),
(204, 21, '70', '2017-02-02 19:43:23', 'CLA32D8DDD'),
(204, 22, '70', '2017-02-02 19:46:05', 'CLA32D8DDD'),
(204, 23, '25', '2017-02-02 18:41:31', 'CLA32D8DDD'),
(205, 1, '19', '2017-02-02 19:43:24', 'CLA32D8DDD'),
(205, 2, '24', '2017-02-02 19:44:03', 'CLA32D8DDD'),
(205, 3, '50', '2017-02-02 19:45:08', 'CLA32D8DDD'),
(205, 4, '69', '2017-02-02 19:44:18', 'CLA32D8DDD'),
(205, 5, '22', '2017-02-02 19:43:48', 'CLA32D8DDD'),
(205, 6, '73', '2017-02-02 19:43:56', 'CLA32D8DDD'),
(205, 7, '60', '2017-02-02 19:44:40', 'CLA32D8DDD'),
(205, 8, '11', '2017-02-02 19:45:17', 'CLA32D8DDD'),
(205, 9, '25', '2017-02-02 18:40:31', 'CLA32D8DDD'),
(205, 10, '75', '2017-02-02 19:44:24', 'CLA32D8DDD'),
(205, 11, '77', '2017-02-02 19:45:23', 'CLA32D8DDD'),
(205, 12, '74', '2017-02-02 18:40:38', 'CLA32D8DDD'),
(205, 13, '60', '2017-02-02 19:44:32', 'CLA32D8DDD'),
(205, 14, '42', '2017-02-02 19:43:37', 'CLA32D8DDD'),
(205, 15, '26', '2017-02-02 19:44:53', 'CLA32D8DDD'),
(205, 16, '50', '2017-02-02 19:45:30', 'CLA32D8DDD'),
(205, 17, '40', '2017-02-02 19:43:43', 'CLA32D8DDD'),
(205, 18, '50', '2017-02-02 19:45:43', 'CLA32D8DDD'),
(205, 19, '50', '2017-02-02 19:45:01', 'CLA32D8DDD'),
(205, 20, '50', '2017-02-02 19:45:34', 'CLA32D8DDD'),
(205, 21, '69', '2017-02-02 19:45:39', 'CLA32D8DDD'),
(205, 22, '74', '2017-02-02 19:44:45', 'CLA32D8DDD'),
(205, 23, '50', '2017-02-02 18:40:42', 'CLA32D8DDD'),
(206, 1, '1', '2017-02-02 19:43:23', 'CLA32D8DDD'),
(206, 2, '21', '2017-02-02 19:45:32', 'CLA32D8DDD'),
(206, 3, '23', '2017-02-02 19:45:14', 'CLA32D8DDD'),
(206, 4, '8', '2017-02-02 19:43:42', 'CLA32D8DDD'),
(206, 5, '21', '2017-02-02 19:45:22', 'CLA32D8DDD'),
(206, 6, '63', '2017-02-02 19:43:31', 'CLA32D8DDD'),
(206, 7, '11', '2017-02-02 19:44:38', 'CLA32D8DDD'),
(206, 8, '7', '2017-02-02 19:45:28', 'CLA32D8DDD'),
(206, 9, '50', '2017-02-02 18:40:31', 'CLA32D8DDD'),
(206, 10, '68', '2017-02-02 19:44:42', 'CLA32D8DDD'),
(206, 11, '98', '2017-02-02 19:43:28', 'CLA32D8DDD'),
(206, 12, '50', '2017-02-02 18:40:33', 'CLA32D8DDD'),
(206, 13, '17', '2017-02-02 19:44:11', 'CLA32D8DDD'),
(206, 14, '23', '2017-02-02 19:45:09', 'CLA32D8DDD'),
(206, 15, '50', '2017-02-02 19:43:54', 'CLA32D8DDD'),
(206, 16, '50', '2017-02-02 19:43:36', 'CLA32D8DDD'),
(206, 17, '50', '2017-02-02 19:44:21', 'CLA32D8DDD'),
(206, 18, '75', '2017-02-02 19:44:47', 'CLA32D8DDD'),
(206, 19, '3', '2017-02-02 19:44:04', 'CLA32D8DDD'),
(206, 20, '50', '2017-02-02 19:45:17', 'CLA32D8DDD'),
(206, 21, '22', '2017-02-02 19:43:46', 'CLA32D8DDD'),
(206, 22, '87', '2017-02-02 19:44:28', 'CLA32D8DDD'),
(206, 23, '26', '2017-02-02 18:40:55', 'CLA32D8DDD'),
(207, 1, '50', '2017-02-02 19:43:12', 'CLA32D8DDD'),
(207, 2, '50', '2017-02-02 19:44:50', 'CLA32D8DDD'),
(207, 3, '33', '2017-02-02 19:44:30', 'CLA32D8DDD'),
(207, 4, '50', '2017-02-02 19:44:52', 'CLA32D8DDD'),
(207, 5, '50', '2017-02-02 19:44:54', 'CLA32D8DDD'),
(207, 6, '50', '2017-02-02 19:44:33', 'CLA32D8DDD'),
(207, 7, '34', '2017-02-02 19:44:23', 'CLA32D8DDD'),
(207, 8, '40', '2017-02-02 19:43:58', 'CLA32D8DDD'),
(207, 9, '50', '2017-02-02 18:40:57', 'CLA32D8DDD'),
(207, 10, '50', '2017-02-02 19:44:09', 'CLA32D8DDD'),
(207, 11, '50', '2017-02-02 19:44:04', 'CLA32D8DDD'),
(207, 12, '50', '2017-02-02 18:41:01', 'CLA32D8DDD'),
(207, 13, '65', '2017-02-02 19:43:23', 'CLA32D8DDD'),
(207, 14, '50', '2017-02-02 19:44:39', 'CLA32D8DDD'),
(207, 15, '50', '2017-02-02 19:44:47', 'CLA32D8DDD'),
(207, 16, '50', '2017-02-02 19:44:43', 'CLA32D8DDD'),
(207, 17, '50', '2017-02-02 19:44:41', 'CLA32D8DDD'),
(207, 18, '50', '2017-02-02 19:43:39', 'CLA32D8DDD'),
(207, 19, '50', '2017-02-02 19:43:41', 'CLA32D8DDD'),
(207, 20, '50', '2017-02-02 19:44:37', 'CLA32D8DDD'),
(207, 21, '50', '2017-02-02 19:44:02', 'CLA32D8DDD'),
(207, 22, '50', '2017-02-02 19:43:32', 'CLA32D8DDD'),
(207, 23, '50', '2017-02-02 18:41:18', 'CLA32D8DDD'),
(208, 1, '50', '2017-02-02 19:43:19', 'CLA32D8DDD'),
(208, 2, '26', '2017-02-02 19:43:47', 'CLA32D8DDD'),
(208, 3, '51', '2017-02-02 19:45:46', 'CLA32D8DDD'),
(208, 4, '68', '2017-02-02 19:43:42', 'CLA32D8DDD'),
(208, 5, '29', '2017-02-02 19:43:59', 'CLA32D8DDD'),
(208, 6, '68', '2017-02-02 19:43:54', 'CLA32D8DDD'),
(208, 7, '73', '2017-02-02 19:45:25', 'CLA32D8DDD'),
(208, 8, '50', '2017-02-02 19:45:58', 'CLA32D8DDD'),
(208, 9, '10', '2017-02-02 18:40:41', 'CLA32D8DDD'),
(208, 10, '67', '2017-02-02 19:43:32', 'CLA32D8DDD'),
(208, 11, '69', '2017-02-02 19:45:38', 'CLA32D8DDD'),
(208, 12, '90', '2017-02-02 18:40:49', 'CLA32D8DDD'),
(208, 13, '10', '2017-02-02 19:45:52', 'CLA32D8DDD'),
(208, 14, '20', '2017-02-02 19:45:32', 'CLA32D8DDD'),
(208, 15, '15', '2017-02-02 19:45:14', 'CLA32D8DDD'),
(208, 16, '9', '2017-02-02 19:44:18', 'CLA32D8DDD'),
(208, 17, '50', '2017-02-02 19:45:57', 'CLA32D8DDD'),
(208, 18, '14', '2017-02-02 19:45:03', 'CLA32D8DDD'),
(208, 19, '9', '2017-02-02 19:44:13', 'CLA32D8DDD'),
(208, 20, '50', '2017-02-02 19:46:00', 'CLA32D8DDD'),
(208, 21, '28', '2017-02-02 19:44:23', 'CLA32D8DDD'),
(208, 22, '50', '2017-02-02 19:46:02', 'CLA32D8DDD'),
(208, 23, '50', '2017-02-02 18:40:54', 'CLA32D8DDD'),
(209, 1, '40', '2017-02-02 19:43:53', 'CLA32D8DDD'),
(209, 2, '65', '2017-02-02 19:48:38', 'CLA32D8DDD'),
(209, 3, '1', '2017-02-02 19:47:53', 'CLA32D8DDD'),
(209, 4, '50', '2017-02-02 19:45:19', 'CLA32D8DDD'),
(209, 5, '50', '2017-02-02 19:48:57', 'CLA32D8DDD'),
(209, 6, '80', '2017-02-02 19:47:36', 'CLA32D8DDD'),
(209, 7, '85', '2017-02-02 19:48:03', 'CLA32D8DDD'),
(209, 8, '15', '2017-02-02 19:46:03', 'CLA32D8DDD'),
(209, 9, '100', '2017-02-02 18:40:57', 'CLA32D8DDD'),
(209, 10, '90', '2017-02-02 19:45:05', 'CLA32D8DDD'),
(209, 11, '85', '2017-02-02 19:47:13', 'CLA32D8DDD'),
(209, 12, '50', '2017-02-02 18:41:08', 'CLA32D8DDD'),
(209, 13, '40', '2017-02-02 19:48:48', 'CLA32D8DDD'),
(209, 14, '25', '2017-02-02 19:47:47', 'CLA32D8DDD'),
(209, 15, '50', '2017-02-02 19:44:21', 'CLA32D8DDD'),
(209, 16, '31', '2017-02-02 19:48:24', 'CLA32D8DDD'),
(209, 17, '25', '2017-02-02 19:48:13', 'CLA32D8DDD'),
(209, 18, '65', '2017-02-02 19:44:06', 'CLA32D8DDD'),
(209, 19, '20', '2017-02-02 19:47:28', 'CLA32D8DDD'),
(209, 20, '20', '2017-02-02 19:46:53', 'CLA32D8DDD'),
(209, 21, '90', '2017-02-02 19:46:16', 'CLA32D8DDD'),
(209, 22, '35', '2017-02-02 19:47:02', 'CLA32D8DDD'),
(209, 23, '1', '2017-02-02 18:41:22', 'CLA32D8DDD'),
(210, 1, '40', '2017-02-02 19:43:21', 'CLA32D8DDD'),
(210, 2, '30', '2017-02-02 19:46:06', 'CLA32D8DDD'),
(210, 3, '21', '2017-02-02 19:43:48', 'CLA32D8DDD'),
(210, 4, '20', '2017-02-02 19:44:48', 'CLA32D8DDD'),
(210, 5, '50', '2017-02-02 19:46:11', 'CLA32D8DDD'),
(210, 6, '100', '2017-02-02 19:43:35', 'CLA32D8DDD'),
(210, 7, '76', '2017-02-02 19:45:58', 'CLA32D8DDD'),
(210, 8, '69', '2017-02-02 19:43:43', 'CLA32D8DDD'),
(210, 9, '80', '2017-02-02 18:41:02', 'CLA32D8DDD'),
(210, 10, '100', '2017-02-02 19:44:58', 'CLA32D8DDD'),
(210, 11, '100', '2017-02-02 19:46:18', 'CLA32D8DDD'),
(210, 12, '50', '2017-02-02 18:41:05', 'CLA32D8DDD'),
(210, 13, '29', '2017-02-02 19:44:39', 'CLA32D8DDD'),
(210, 14, '34', '2017-02-02 19:44:19', 'CLA32D8DDD'),
(210, 15, '50', '2017-02-02 19:43:58', 'CLA32D8DDD'),
(210, 16, '100', '2017-02-02 19:45:48', 'CLA32D8DDD'),
(210, 17, '100', '2017-02-02 19:45:28', 'CLA32D8DDD'),
(210, 18, '100', '2017-02-02 19:44:28', 'CLA32D8DDD'),
(210, 19, '24', '2017-02-02 19:45:07', 'CLA32D8DDD'),
(210, 20, '23', '2017-02-02 19:45:20', 'CLA32D8DDD'),
(210, 21, '70', '2017-02-02 19:43:28', 'CLA32D8DDD'),
(210, 22, '41', '2017-02-02 19:45:12', 'CLA32D8DDD'),
(210, 23, '64', '2017-02-02 18:41:14', 'CLA32D8DDD'),
(211, 1, '44', '2017-02-02 19:43:36', 'CLA32D8DDD'),
(211, 2, '50', '2017-02-02 19:46:57', 'CLA32D8DDD'),
(211, 3, '74', '2017-02-02 19:46:47', 'CLA32D8DDD'),
(211, 4, '50', '2017-02-02 19:45:51', 'CLA32D8DDD'),
(211, 5, '65', '2017-02-02 19:48:51', 'CLA32D8DDD'),
(211, 6, '20', '2017-02-02 19:48:17', 'CLA32D8DDD'),
(211, 7, '8', '2017-02-02 19:46:36', 'CLA32D8DDD'),
(211, 8, '32', '2017-02-02 19:45:27', 'CLA32D8DDD'),
(211, 9, '96', '2017-02-02 18:41:26', 'CLA32D8DDD'),
(211, 10, '50', '2017-02-02 19:47:18', 'CLA32D8DDD'),
(211, 11, '50', '2017-02-02 19:50:34', 'CLA32D8DDD'),
(211, 12, '50', '2017-02-02 18:41:36', 'CLA32D8DDD'),
(211, 13, '50', '2017-02-02 19:46:09', 'CLA32D8DDD'),
(211, 14, '14', '2017-02-02 19:47:45', 'CLA32D8DDD'),
(211, 15, '50', '2017-02-02 19:45:41', 'CLA32D8DDD'),
(211, 16, '86', '2017-02-02 19:48:00', 'CLA32D8DDD'),
(211, 17, '90', '2017-02-02 19:43:51', 'CLA32D8DDD'),
(211, 18, '50', '2017-02-02 19:50:49', 'CLA32D8DDD'),
(211, 19, '26', '2017-02-02 19:48:38', 'CLA32D8DDD'),
(211, 20, '50', '2017-02-02 19:46:19', 'CLA32D8DDD'),
(211, 21, '89', '2017-02-02 19:45:02', 'CLA32D8DDD'),
(211, 22, '50', '2017-02-02 19:50:46', 'CLA32D8DDD'),
(211, 23, '70', '2017-02-02 18:41:53', 'CLA32D8DDD'),
(212, 1, '50', '2017-02-02 19:43:28', 'CLA32D8DDD'),
(212, 2, '66', '2017-02-02 19:45:07', 'CLA32D8DDD'),
(212, 3, '50', '2017-02-02 19:43:42', 'CLA32D8DDD'),
(212, 4, '43', '2017-02-02 19:48:51', 'CLA32D8DDD'),
(212, 5, '64', '2017-02-02 19:47:42', 'CLA32D8DDD'),
(212, 6, '66', '2017-02-02 19:44:44', 'CLA32D8DDD'),
(212, 7, '5', '2017-02-02 19:47:18', 'CLA32D8DDD'),
(212, 8, '9', '2017-02-02 19:49:02', 'CLA32D8DDD'),
(212, 9, '90', '2017-02-02 18:42:02', 'CLA32D8DDD'),
(212, 10, '68', '2017-02-02 19:46:37', 'CLA32D8DDD'),
(212, 11, '50', '2017-02-02 19:46:49', 'CLA32D8DDD'),
(212, 12, '50', '2017-02-02 18:42:16', 'CLA32D8DDD'),
(212, 13, '65', '2017-02-02 19:48:28', 'CLA32D8DDD'),
(212, 14, '68', '2017-02-02 19:44:05', 'CLA32D8DDD'),
(212, 15, '28', '2017-02-02 19:49:23', 'CLA32D8DDD'),
(212, 16, '65', '2017-02-02 19:46:15', 'CLA32D8DDD'),
(212, 17, '68', '2017-02-02 19:47:34', 'CLA32D8DDD'),
(212, 18, '77', '2017-02-02 19:45:46', 'CLA32D8DDD'),
(212, 19, '6', '2017-02-02 19:48:04', 'CLA32D8DDD'),
(212, 20, '60', '2017-02-02 19:45:22', 'CLA32D8DDD'),
(212, 21, '95', '2017-02-02 19:49:35', 'CLA32D8DDD'),
(212, 22, '70', '2017-02-02 19:44:31', 'CLA32D8DDD'),
(212, 23, '64', '2017-02-02 18:42:37', 'CLA32D8DDD'),
(213, 1, '50', '2017-02-02 19:43:31', 'CLA32D8DDD'),
(213, 2, '70', '2017-02-02 19:44:39', 'CLA32D8DDD'),
(213, 3, '14', '2017-02-02 19:47:13', 'CLA32D8DDD'),
(213, 4, '50', '2017-02-02 19:47:01', 'CLA32D8DDD'),
(213, 5, '77', '2017-02-02 19:44:18', 'CLA32D8DDD'),
(213, 6, '100', '2017-02-02 19:44:09', 'CLA32D8DDD'),
(213, 7, '1', '2017-02-02 19:46:05', 'CLA32D8DDD'),
(213, 8, '8', '2017-02-02 19:46:29', 'CLA32D8DDD'),
(213, 9, '100', '2017-02-02 18:41:59', 'CLA32D8DDD'),
(213, 10, '76', '2017-02-02 19:45:52', 'CLA32D8DDD'),
(213, 11, '83', '2017-02-02 19:46:48', 'CLA32D8DDD'),
(213, 12, '80', '2017-02-02 18:42:16', 'CLA32D8DDD'),
(213, 13, '89', '2017-02-02 19:47:28', 'CLA32D8DDD'),
(213, 14, '50', '2017-02-02 19:45:41', 'CLA32D8DDD'),
(213, 15, '74', '2017-02-02 19:43:51', 'CLA32D8DDD'),
(213, 16, '50', '2017-02-02 19:44:47', 'CLA32D8DDD'),
(213, 17, '76', '2017-02-02 19:47:50', 'CLA32D8DDD'),
(213, 18, '77', '2017-02-02 19:44:59', 'CLA32D8DDD'),
(213, 19, '50', '2017-02-02 19:44:25', 'CLA32D8DDD'),
(213, 20, '77', '2017-02-02 19:48:02', 'CLA32D8DDD'),
(213, 21, '83', '2017-02-02 19:47:38', 'CLA32D8DDD'),
(213, 22, '80', '2017-02-02 19:45:29', 'CLA32D8DDD'),
(213, 23, '1', '2017-02-02 18:42:24', 'CLA32D8DDD'),
(214, 1, '50', '2017-02-02 19:43:42', 'CLA32D8DDD'),
(214, 2, '65', '2017-02-02 19:44:57', 'CLA32D8DDD'),
(214, 3, '51', '2017-02-02 19:48:41', 'CLA32D8DDD'),
(214, 4, '50', '2017-02-02 19:45:22', 'CLA32D8DDD'),
(214, 5, '50', '2017-02-02 19:46:33', 'CLA32D8DDD'),
(214, 6, '79', '2017-02-02 19:46:44', 'CLA32D8DDD'),
(214, 7, '1', '2017-02-02 19:43:58', 'CLA32D8DDD'),
(214, 8, '1', '2017-02-02 19:46:53', 'CLA32D8DDD'),
(214, 9, '98', '2017-02-02 18:42:02', 'CLA32D8DDD'),
(214, 10, '100', '2017-02-02 19:47:33', 'CLA32D8DDD'),
(214, 11, '11', '2017-02-02 19:48:08', 'CLA32D8DDD'),
(214, 12, '100', '2017-02-02 18:42:12', 'CLA32D8DDD'),
(214, 13, '100', '2017-02-02 19:45:32', 'CLA32D8DDD'),
(214, 14, '1', '2017-02-02 19:47:57', 'CLA32D8DDD'),
(214, 15, '1', '2017-02-02 19:47:09', 'CLA32D8DDD'),
(214, 16, '100', '2017-02-02 19:46:26', 'CLA32D8DDD'),
(214, 17, '100', '2017-02-02 19:46:14', 'CLA32D8DDD'),
(214, 18, '50', '2017-02-02 19:48:16', 'CLA32D8DDD'),
(214, 19, '69', '2017-02-02 19:46:01', 'CLA32D8DDD'),
(214, 20, '100', '2017-02-02 19:44:43', 'CLA32D8DDD'),
(214, 21, '85', '2017-02-02 19:44:26', 'CLA32D8DDD'),
(214, 22, '100', '2017-02-02 19:45:07', 'CLA32D8DDD'),
(214, 23, '22', '2017-02-02 18:42:25', 'CLA32D8DDD'),
(215, 1, '71', '2017-02-02 19:43:51', 'CLA32D8DDD'),
(215, 2, '100', '2017-02-02 19:44:44', 'CLA32D8DDD'),
(215, 3, '90', '2017-02-02 19:46:25', 'CLA32D8DDD'),
(215, 4, '68', '2017-02-02 19:44:04', 'CLA32D8DDD'),
(215, 5, '98', '2017-02-02 19:44:31', 'CLA32D8DDD'),
(215, 6, '50', '2017-02-02 19:44:19', 'CLA32D8DDD'),
(215, 7, '9', '2017-02-02 19:47:08', 'CLA32D8DDD'),
(215, 8, '8', '2017-02-02 19:47:54', 'CLA32D8DDD'),
(215, 9, '50', '2017-02-02 18:42:47', 'CLA32D8DDD'),
(215, 10, '64', '2017-02-02 19:46:05', 'CLA32D8DDD'),
(215, 11, '50', '2017-02-02 19:44:12', 'CLA32D8DDD'),
(215, 12, '50', '2017-02-02 18:42:53', 'CLA32D8DDD'),
(215, 13, '78', '2017-02-02 19:45:31', 'CLA32D8DDD'),
(215, 14, '50', '2017-02-02 19:48:07', 'CLA32D8DDD'),
(215, 15, '78', '2017-02-02 19:46:49', 'CLA32D8DDD'),
(215, 16, '90', '2017-02-02 19:44:56', 'CLA32D8DDD'),
(215, 17, '89', '2017-02-02 19:46:36', 'CLA32D8DDD'),
(215, 18, '90', '2017-02-02 19:45:15', 'CLA32D8DDD'),
(215, 19, '50', '2017-02-02 19:47:43', 'CLA32D8DDD'),
(215, 20, '50', '2017-02-02 19:46:12', 'CLA32D8DDD'),
(215, 21, '31', '2017-02-02 19:47:20', 'CLA32D8DDD'),
(215, 22, '66', '2017-02-02 19:47:34', 'CLA32D8DDD'),
(215, 23, '50', '2017-02-02 18:42:55', 'CLA32D8DDD'),
(218, 1, '80', '2017-02-08 14:04:13', 'CL95CF3268'),
(218, 2, '86', '2017-02-08 14:06:13', 'CL95CF3268'),
(218, 3, '82', '2017-02-08 14:07:44', 'CL95CF3268'),
(218, 4, '50', '2017-02-08 14:04:59', 'CL95CF3268'),
(218, 5, '86', '2017-02-08 14:07:20', 'CL95CF3268'),
(218, 6, '50', '2017-02-08 14:05:05', 'CL95CF3268'),
(218, 7, '3', '2017-02-08 14:04:29', 'CL95CF3268'),
(218, 8, '5', '2017-02-08 14:06:03', 'CL95CF3268'),
(218, 9, '89', '2017-02-08 13:14:13', 'CL95CF3268'),
(218, 10, '18', '2017-02-08 14:05:46', 'CL95CF3268'),
(218, 11, '8', '2017-02-08 14:07:01', 'CL95CF3268'),
(218, 12, '23', '2017-02-08 13:14:19', 'CL95CF3268'),
(218, 13, '50', '2017-02-08 14:06:25', 'CL95CF3268'),
(218, 14, '25', '2017-02-08 14:07:12', 'CL95CF3268'),
(218, 15, '12', '2017-02-08 14:07:59', 'CL95CF3268'),
(218, 16, '62', '2017-02-08 14:06:50', 'CL95CF3268'),
(218, 17, '93', '2017-02-08 14:07:27', 'CL95CF3268'),
(218, 18, '66', '2017-02-08 14:06:41', 'CL95CF3268'),
(218, 19, '89', '2017-02-08 14:05:33', 'CL95CF3268'),
(218, 20, '20', '2017-02-08 14:04:49', 'CL95CF3268'),
(218, 21, '85', '2017-02-08 14:07:49', 'CL95CF3268'),
(218, 22, '24', '2017-02-08 14:05:21', 'CL95CF3268'),
(218, 23, '96', '2017-02-08 13:14:23', 'CL95CF3268'),
(219, 1, '68', '2017-02-08 14:04:31', 'CL95CF3268'),
(219, 2, '71', '2017-02-08 14:09:28', 'CL95CF3268'),
(219, 3, '68', '2017-02-08 14:07:28', 'CL95CF3268'),
(219, 4, '71', '2017-02-08 14:06:43', 'CL95CF3268'),
(219, 5, '85', '2017-02-08 14:09:09', 'CL95CF3268'),
(219, 6, '74', '2017-02-08 14:07:06', 'CL95CF3268'),
(219, 7, '64', '2017-02-08 14:05:34', 'CL95CF3268'),
(219, 8, '40', '2017-02-08 14:05:14', 'CL95CF3268'),
(219, 9, '91', '2017-02-08 13:15:20', 'CL95CF3268'),
(219, 10, '78', '2017-02-08 14:09:52', 'CL95CF3268'),
(219, 11, '62', '2017-02-08 14:06:03', 'CL95CF3268'),
(219, 12, '88', '2017-02-08 13:15:38', 'CL95CF3268'),
(219, 13, '68', '2017-02-08 14:08:04', 'CL95CF3268'),
(219, 14, '67', '2017-02-08 14:06:24', 'CL95CF3268'),
(219, 15, '69', '2017-02-08 14:08:57', 'CL95CF3268'),
(219, 16, '68', '2017-02-08 14:06:56', 'CL95CF3268'),
(219, 17, '74', '2017-02-08 14:05:51', 'CL95CF3268'),
(219, 18, '76', '2017-02-08 14:08:23', 'CL95CF3268'),
(219, 19, '74', '2017-02-08 14:08:35', 'CL95CF3268'),
(219, 20, '65', '2017-02-08 14:07:19', 'CL95CF3268'),
(219, 21, '77', '2017-02-08 14:08:46', 'CL95CF3268'),
(219, 22, '84', '2017-02-08 14:07:39', 'CL95CF3268'),
(219, 23, '50', '2017-02-08 13:15:40', 'CL95CF3268'),
(220, 1, '31', '2017-02-08 14:04:18', 'CL95CF3268'),
(220, 2, '34', '2017-02-08 14:06:54', 'CL95CF3268'),
(220, 3, '31', '2017-02-08 14:06:19', 'CL95CF3268'),
(220, 4, '68', '2017-02-08 14:08:20', 'CL95CF3268'),
(220, 5, '64', '2017-02-08 14:06:31', 'CL95CF3268'),
(220, 6, '61', '2017-02-08 14:05:48', 'CL95CF3268'),
(220, 7, '44', '2017-02-08 14:06:09', 'CL95CF3268'),
(220, 8, '75', '2017-02-08 14:04:48', 'CL95CF3268'),
(220, 9, '63', '2017-02-08 13:14:29', 'CL95CF3268'),
(220, 10, '28', '2017-02-08 14:07:26', 'CL95CF3268'),
(220, 11, '26', '2017-02-08 14:08:36', 'CL95CF3268'),
(220, 12, '73', '2017-02-08 13:14:38', 'CL95CF3268'),
(220, 13, '74', '2017-02-08 14:07:46', 'CL95CF3268'),
(220, 14, '71', '2017-02-08 14:08:28', 'CL95CF3268'),
(220, 15, '50', '2017-02-08 14:08:05', 'CL95CF3268'),
(220, 16, '91', '2017-02-08 14:05:16', 'CL95CF3268'),
(220, 17, '77', '2017-02-08 14:04:29', 'CL95CF3268'),
(220, 18, '62', '2017-02-08 14:05:31', 'CL95CF3268'),
(220, 19, '49', '2017-02-08 14:07:18', 'CL95CF3268'),
(220, 20, '50', '2017-02-08 14:05:35', 'CL95CF3268'),
(220, 21, '36', '2017-02-08 14:06:41', 'CL95CF3268'),
(220, 22, '80', '2017-02-08 14:07:58', 'CL95CF3268'),
(220, 23, '42', '2017-02-08 13:14:47', 'CL95CF3268'),
(221, 1, '43', '2017-02-08 14:04:17', 'CL95CF3268'),
(221, 2, '60', '2017-02-08 14:05:31', 'CL95CF3268'),
(221, 3, '89', '2017-02-08 14:06:24', 'CL95CF3268'),
(221, 4, '70', '2017-02-08 14:04:50', 'CL95CF3268'),
(221, 5, '46', '2017-02-08 14:06:09', 'CL95CF3268'),
(221, 6, '50', '2017-02-08 14:04:56', 'CL95CF3268'),
(221, 7, '72', '2017-02-08 14:06:00', 'CL95CF3268'),
(221, 8, '64', '2017-02-08 14:05:55', 'CL95CF3268'),
(221, 9, '100', '2017-02-08 13:14:26', 'CL95CF3268'),
(221, 10, '70', '2017-02-08 14:04:27', 'CL95CF3268'),
(221, 11, '54', '2017-02-08 14:04:42', 'CL95CF3268'),
(221, 12, '32', '2017-02-08 13:14:39', 'CL95CF3268'),
(221, 13, '64', '2017-02-08 14:05:06', 'CL95CF3268'),
(221, 14, '1', '2017-02-08 14:06:15', 'CL95CF3268'),
(221, 15, '1', '2017-02-08 14:05:44', 'CL95CF3268'),
(221, 16, '66', '2017-02-08 14:05:16', 'CL95CF3268'),
(221, 17, '63', '2017-02-08 14:07:13', 'CL95CF3268'),
(221, 18, '65', '2017-02-08 14:07:05', 'CL95CF3268'),
(221, 19, '2', '2017-02-08 14:06:57', 'CL95CF3268'),
(221, 20, '62', '2017-02-08 14:05:38', 'CL95CF3268'),
(221, 21, '28', '2017-02-08 14:04:32', 'CL95CF3268'),
(221, 22, '51', '2017-02-08 14:05:23', 'CL95CF3268'),
(221, 23, '50', '2017-02-08 13:14:44', 'CL95CF3268'),
(222, 1, '50', '2017-02-08 14:05:01', 'CL95CF3268'),
(222, 2, '60', '2017-02-08 14:08:28', 'CL95CF3268'),
(222, 3, '32', '2017-02-08 14:06:57', 'CL95CF3268'),
(222, 4, '65', '2017-02-08 14:10:08', 'CL95CF3268'),
(222, 5, '67', '2017-02-08 14:08:01', 'CL95CF3268'),
(222, 6, '71', '2017-02-08 14:08:37', 'CL95CF3268'),
(222, 7, '8', '2017-02-08 14:09:35', 'CL95CF3268'),
(222, 8, '8', '2017-02-08 14:07:17', 'CL95CF3268'),
(222, 9, '86', '2017-02-08 13:14:38', 'CL95CF3268'),
(222, 10, '71', '2017-02-08 14:09:51', 'CL95CF3268'),
(222, 11, '50', '2017-02-08 14:06:36', 'CL95CF3268'),
(222, 12, '67', '2017-02-08 13:14:45', 'CL95CF3268'),
(222, 13, '72', '2017-02-08 14:05:31', 'CL95CF3268'),
(222, 14, '50', '2017-02-08 14:07:45', 'CL95CF3268'),
(222, 15, '50', '2017-02-08 14:08:11', 'CL95CF3268'),
(222, 16, '72', '2017-02-08 14:08:46', 'CL95CF3268'),
(222, 17, '82', '2017-02-08 14:09:24', 'CL95CF3268'),
(222, 18, '50', '2017-02-08 14:07:28', 'CL95CF3268'),
(222, 19, '11', '2017-02-08 14:05:54', 'CL95CF3268'),
(222, 20, '50', '2017-02-08 14:06:44', 'CL95CF3268'),
(222, 21, '87', '2017-02-08 14:05:10', 'CL95CF3268'),
(222, 22, '63', '2017-02-08 14:09:03', 'CL95CF3268'),
(222, 23, '61', '2017-02-08 13:14:55', 'CL95CF3268'),
(223, 1, '55', '2017-02-08 14:04:18', 'CL95CF3268'),
(223, 2, '65', '2017-02-08 14:07:25', 'CL95CF3268'),
(223, 3, '40', '2017-02-08 14:06:50', 'CL95CF3268'),
(223, 4, '65', '2017-02-08 14:05:31', 'CL95CF3268'),
(223, 5, '50', '2017-02-08 14:05:45', 'CL95CF3268'),
(223, 6, '47', '2017-02-08 14:07:19', 'CL95CF3268'),
(223, 7, '10', '2017-02-08 14:06:17', 'CL95CF3268'),
(223, 8, '15', '2017-02-08 14:06:28', 'CL95CF3268'),
(223, 9, '60', '2017-02-08 13:14:47', 'CL95CF3268'),
(223, 10, '70', '2017-02-08 14:07:03', 'CL95CF3268'),
(223, 11, '65', '2017-02-08 14:05:40', 'CL95CF3268'),
(223, 12, '80', '2017-02-08 13:14:59', 'CL95CF3268'),
(223, 13, '60', '2017-02-08 14:04:47', 'CL95CF3268'),
(223, 14, '10', '2017-02-08 14:04:59', 'CL95CF3268'),
(223, 15, '30', '2017-02-08 14:06:38', 'CL95CF3268'),
(223, 16, '65', '2017-02-08 14:05:08', 'CL95CF3268'),
(223, 17, '50', '2017-02-08 14:05:18', 'CL95CF3268'),
(223, 18, '56', '2017-02-08 14:06:09', 'CL95CF3268'),
(223, 19, '5', '2017-02-08 14:05:59', 'CL95CF3268'),
(223, 20, '90', '2017-02-08 14:04:31', 'CL95CF3268'),
(223, 21, '70', '2017-02-08 14:04:24', 'CL95CF3268'),
(223, 22, '70', '2017-02-08 14:07:13', 'CL95CF3268'),
(223, 23, '70', '2017-02-08 13:15:14', 'CL95CF3268'),
(224, 1, '64', '2017-02-08 14:04:20', 'CL95CF3268'),
(224, 2, '66', '2017-02-08 14:04:42', 'CL95CF3268'),
(224, 3, '9', '2017-02-08 14:04:45', 'CL95CF3268'),
(224, 4, '66', '2017-02-08 14:05:07', 'CL95CF3268'),
(224, 5, '70', '2017-02-08 14:04:34', 'CL95CF3268'),
(224, 6, '78', '2017-02-08 14:04:59', 'CL95CF3268'),
(224, 7, '8', '2017-02-08 14:05:17', 'CL95CF3268'),
(224, 8, '67', '2017-02-08 14:04:23', 'CL95CF3268'),
(224, 9, '87', '2017-02-08 13:15:07', 'CL95CF3268'),
(224, 10, '69', '2017-02-08 14:04:56', 'CL95CF3268'),
(224, 11, '65', '2017-02-08 14:04:26', 'CL95CF3268'),
(224, 12, '92', '2017-02-08 13:15:16', 'CL95CF3268'),
(224, 13, '66', '2017-02-08 14:05:40', 'CL95CF3268'),
(224, 14, '68', '2017-02-08 14:05:53', 'CL95CF3268'),
(224, 15, '65', '2017-02-08 14:05:30', 'CL95CF3268'),
(224, 16, '67', '2017-02-08 14:05:44', 'CL95CF3268'),
(224, 17, '69', '2017-02-08 14:05:11', 'CL95CF3268'),
(224, 18, '66', '2017-02-08 14:05:46', 'CL95CF3268'),
(224, 19, '67', '2017-02-08 14:06:38', 'CL95CF3268'),
(224, 20, '69', '2017-02-08 14:08:18', 'CL95CF3268'),
(224, 21, '92', '2017-02-08 14:05:01', 'CL95CF3268'),
(224, 22, '91', '2017-02-08 14:05:59', 'CL95CF3268'),
(224, 23, '5', '2017-02-08 13:15:20', 'CL95CF3268'),
(225, 1, '58', '2017-02-08 14:04:26', 'CL95CF3268'),
(225, 2, '33', '2017-02-08 14:07:56', 'CL95CF3268'),
(225, 3, '11', '2017-02-08 14:08:53', 'CL95CF3268'),
(225, 4, '50', '2017-02-08 14:06:51', 'CL95CF3268'),
(225, 5, '50', '2017-02-08 14:08:35', 'CL95CF3268'),
(225, 6, '67', '2017-02-08 14:05:47', 'CL95CF3268'),
(225, 7, '9', '2017-02-08 14:05:03', 'CL95CF3268'),
(225, 8, '4', '2017-02-08 14:06:32', 'CL95CF3268'),
(225, 9, '56', '2017-02-08 13:14:53', 'CL95CF3268'),
(225, 10, '65', '2017-02-08 14:08:16', 'CL95CF3268'),
(225, 11, '68', '2017-02-08 14:08:27', 'CL95CF3268'),
(225, 12, '68', '2017-02-08 13:15:02', 'CL95CF3268'),
(225, 13, '22', '2017-02-08 14:09:48', 'CL95CF3268'),
(225, 14, '1', '2017-02-08 14:05:24', 'CL95CF3268'),
(225, 15, '20', '2017-02-08 14:06:16', 'CL95CF3268'),
(225, 16, '50', '2017-02-08 14:07:43', 'CL95CF3268'),
(225, 17, '64', '2017-02-08 14:04:44', 'CL95CF3268'),
(225, 18, '70', '2017-02-08 14:09:05', 'CL95CF3268'),
(225, 19, '1', '2017-02-08 14:07:07', 'CL95CF3268'),
(225, 20, '69', '2017-02-08 14:06:39', 'CL95CF3268'),
(225, 21, '55', '2017-02-08 14:09:56', 'CL95CF3268'),
(225, 22, '42', '2017-02-08 14:09:20', 'CL95CF3268'),
(225, 23, '20', '2017-02-08 13:15:16', 'CL95CF3268'),
(226, 1, '70', '2017-02-08 14:04:24', 'CL95CF3268'),
(226, 2, '80', '2017-02-08 14:05:42', 'CL95CF3268'),
(226, 3, '65', '2017-02-08 14:10:23', 'CL95CF3268'),
(226, 4, '80', '2017-02-08 14:10:55', 'CL95CF3268'),
(226, 5, '70', '2017-02-08 14:07:08', 'CL95CF3268'),
(226, 6, '75', '2017-02-08 14:10:36', 'CL95CF3268'),
(226, 7, '8', '2017-02-08 14:08:51', 'CL95CF3268'),
(226, 8, '11', '2017-02-08 14:08:36', 'CL95CF3268'),
(226, 9, '90', '2017-02-08 13:15:46', 'CL95CF3268'),
(226, 10, '50', '2017-02-08 14:08:00', 'CL95CF3268'),
(226, 11, '30', '2017-02-08 14:08:16', 'CL95CF3268'),
(226, 12, '75', '2017-02-08 13:16:02', 'CL95CF3268'),
(226, 13, '75', '2017-02-08 14:04:42', 'CL95CF3268'),
(226, 14, '64', '2017-02-08 14:05:16', 'CL95CF3268'),
(226, 15, '65', '2017-02-08 14:06:55', 'CL95CF3268'),
(226, 16, '75', '2017-02-08 14:11:23', 'CL95CF3268'),
(226, 17, '67', '2017-02-08 14:09:41', 'CL95CF3268'),
(226, 18, '75', '2017-02-08 14:10:12', 'CL95CF3268'),
(226, 19, '76', '2017-02-08 14:06:09', 'CL95CF3268'),
(226, 20, '50', '2017-02-08 14:06:23', 'CL95CF3268'),
(226, 21, '85', '2017-02-08 14:09:55', 'CL95CF3268'),
(226, 22, '90', '2017-02-08 14:07:24', 'CL95CF3268'),
(226, 23, '62', '2017-02-08 13:16:23', 'CL95CF3268'),
(227, 1, '60', '2017-02-08 14:07:12', 'CL95CF3268'),
(227, 2, '70', '2017-02-08 14:09:44', 'CL95CF3268'),
(227, 3, '50', '2017-02-08 14:09:56', 'CL95CF3268'),
(227, 4, '50', '2017-02-08 14:07:39', 'CL95CF3268'),
(227, 5, '69', '2017-02-08 14:09:33', 'CL95CF3268'),
(227, 6, '68', '2017-02-08 14:07:33', 'CL95CF3268'),
(227, 7, '6', '2017-02-08 14:08:00', 'CL95CF3268'),
(227, 8, '23', '2017-02-08 14:11:28', 'CL95CF3268'),
(227, 9, '78', '2017-02-08 13:15:53', 'CL95CF3268'),
(227, 10, '85', '2017-02-08 14:10:54', 'CL95CF3268'),
(227, 11, '65', '2017-02-08 14:10:13', 'CL95CF3268'),
(227, 12, '61', '2017-02-08 13:16:00', 'CL95CF3268'),
(227, 13, '68', '2017-02-08 14:08:51', 'CL95CF3268'),
(227, 14, '11', '2017-02-08 14:08:21', 'CL95CF3268'),
(227, 15, '15', '2017-02-08 14:09:04', 'CL95CF3268'),
(227, 16, '65', '2017-02-08 14:07:45', 'CL95CF3268'),
(227, 17, '82', '2017-02-08 14:09:18', 'CL95CF3268'),
(227, 18, '79', '2017-02-08 14:08:39', 'CL95CF3268'),
(227, 19, '31', '2017-02-08 14:11:47', 'CL95CF3268'),
(227, 20, '23', '2017-02-08 14:08:30', 'CL95CF3268'),
(227, 21, '74', '2017-02-08 14:10:02', 'CL95CF3268'),
(227, 22, '61', '2017-02-08 14:11:14', 'CL95CF3268'),
(227, 23, '40', '2017-02-08 13:16:07', 'CL95CF3268'),
(228, 1, '19', '2017-02-08 14:04:29', 'CL95CF3268'),
(228, 2, '24', '2017-02-08 14:05:17', 'CL95CF3268'),
(228, 3, '68', '2017-02-08 14:04:58', 'CL95CF3268'),
(228, 4, '65', '2017-02-08 14:06:46', 'CL95CF3268'),
(228, 5, '14', '2017-02-08 14:07:10', 'CL95CF3268'),
(228, 6, '78', '2017-02-08 14:04:38', 'CL95CF3268'),
(228, 7, '25', '2017-02-08 14:05:04', 'CL95CF3268'),
(228, 8, '8', '2017-02-08 14:06:11', 'CL95CF3268'),
(228, 9, '29', '2017-02-08 13:16:44', 'CL95CF3268'),
(228, 10, '92', '2017-02-08 14:05:38', 'CL95CF3268'),
(228, 11, '93', '2017-02-08 14:05:59', 'CL95CF3268'),
(228, 12, '19', '2017-02-08 13:16:48', 'CL95CF3268'),
(228, 13, '16', '2017-02-08 14:07:27', 'CL95CF3268'),
(228, 14, '14', '2017-02-08 14:05:27', 'CL95CF3268'),
(228, 15, '11', '2017-02-08 14:06:26', 'CL95CF3268'),
(228, 16, '26', '2017-02-08 14:05:49', 'CL95CF3268'),
(228, 17, '29', '2017-02-08 14:07:04', 'CL95CF3268'),
(228, 18, '14', '2017-02-08 14:07:20', 'CL95CF3268'),
(228, 19, '42', '2017-02-08 14:06:53', 'CL95CF3268'),
(228, 20, '14', '2017-02-08 14:06:19', 'CL95CF3268'),
(228, 21, '66', '2017-02-08 14:06:34', 'CL95CF3268'),
(228, 22, '44', '2017-02-08 14:04:48', 'CL95CF3268'),
(228, 23, '26', '2017-02-08 13:16:55', 'CL95CF3268'),
(229, 1, '50', '2017-02-08 14:05:05', 'CL95CF3268'),
(229, 2, '60', '2017-02-08 14:08:01', 'CL95CF3268'),
(229, 3, '50', '2017-02-08 14:11:06', 'CL95CF3268'),
(229, 4, '40', '2017-02-08 14:11:22', 'CL95CF3268'),
(229, 5, '35', '2017-02-08 14:05:57', 'CL95CF3268'),
(229, 6, '90', '2017-02-08 14:09:58', 'CL95CF3268'),
(229, 7, '6', '2017-02-08 14:06:53', 'CL95CF3268'),
(229, 8, '5', '2017-02-08 14:09:47', 'CL95CF3268'),
(229, 9, '90', '2017-02-08 13:17:12', 'CL95CF3268'),
(229, 10, '50', '2017-02-08 14:08:28', 'CL95CF3268'),
(229, 11, '7', '2017-02-08 14:10:32', 'CL95CF3268'),
(229, 12, '90', '2017-02-08 13:17:53', 'CL95CF3268'),
(229, 13, '50', '2017-02-08 14:09:09', 'CL95CF3268'),
(229, 14, '7', '2017-02-08 14:09:34', 'CL95CF3268'),
(229, 15, '30', '2017-02-08 14:10:57', 'CL95CF3268'),
(229, 16, '20', '2017-02-08 14:07:11', 'CL95CF3268'),
(229, 17, '75', '2017-02-08 14:06:18', 'CL95CF3268'),
(229, 18, '76', '2017-02-08 14:10:11', 'CL95CF3268'),
(229, 19, '20', '2017-02-08 14:10:46', 'CL95CF3268'),
(229, 20, '50', '2017-02-08 14:09:18', 'CL95CF3268'),
(229, 21, '76', '2017-02-08 14:08:40', 'CL95CF3268'),
(229, 22, '80', '2017-02-08 14:10:21', 'CL95CF3268'),
(229, 23, '50', '2017-02-08 13:18:22', 'CL95CF3268'),
(232, 1, '81', '2017-02-09 20:31:03', 'CL73774465'),
(232, 2, '71', '2017-02-09 20:31:31', 'CL73774465'),
(232, 3, '66', '2017-02-09 20:34:32', 'CL73774465'),
(232, 4, '69', '2017-02-09 20:32:50', 'CL73774465'),
(232, 5, '89', '2017-02-09 20:31:54', 'CL73774465'),
(232, 6, '33', '2017-02-09 20:33:56', 'CL73774465'),
(232, 7, '10', '2017-02-09 20:33:22', 'CL73774465'),
(232, 8, '31', '2017-02-09 20:32:07', 'CL73774465'),
(232, 9, '50', '2017-02-09 18:40:57', 'CL73774465'),
(232, 10, '35', '2017-02-09 20:31:44', 'CL73774465'),
(232, 11, '10', '2017-02-09 20:33:32', 'CL73774465'),
(232, 12, '50', '2017-02-09 18:40:59', 'CL73774465'),
(232, 13, '90', '2017-02-09 20:32:39', 'CL73774465'),
(232, 14, '73', '2017-02-09 20:32:24', 'CL73774465'),
(232, 15, '50', '2017-02-09 20:33:43', 'CL73774465'),
(232, 16, '50', '2017-02-09 20:31:20', 'CL73774465'),
(232, 17, '69', '2017-02-09 20:34:08', 'CL73774465'),
(232, 18, '50', '2017-02-09 20:31:07', 'CL73774465'),
(232, 19, '50', '2017-02-09 20:31:16', 'CL73774465'),
(232, 20, '68', '2017-02-09 20:34:17', 'CL73774465'),
(232, 21, '21', '2017-02-09 20:33:38', 'CL73774465'),
(232, 22, '33', '2017-02-09 20:33:06', 'CL73774465'),
(232, 23, '31', '2017-02-09 18:41:07', 'CL73774465'),
(233, 1, '65', '2017-02-09 20:30:43', 'CL73774465'),
(233, 2, '79', '2017-02-09 20:31:42', 'CL73774465'),
(233, 3, '19', '2017-02-09 20:32:42', 'CL73774465'),
(233, 4, '24', '2017-02-09 20:32:11', 'CL73774465'),
(233, 5, '64', '2017-02-09 20:30:53', 'CL73774465'),
(233, 6, '48', '2017-02-09 20:31:01', 'CL73774465'),
(233, 7, '82', '2017-02-09 20:32:57', 'CL73774465'),
(233, 8, '23', '2017-02-09 20:32:34', 'CL73774465'),
(233, 9, '82', '2017-02-09 18:40:59', 'CL73774465'),
(233, 10, '73', '2017-02-09 20:32:28', 'CL73774465'),
(233, 11, '74', '2017-02-09 20:30:49', 'CL73774465'),
(233, 12, '28', '2017-02-09 18:41:03', 'CL73774465'),
(233, 13, '33', '2017-02-09 20:32:50', 'CL73774465'),
(233, 14, '68', '2017-02-09 20:31:25', 'CL73774465'),
(233, 15, '38', '2017-02-09 20:32:02', 'CL73774465'),
(233, 16, '92', '2017-02-09 20:31:17', 'CL73774465'),
(233, 17, '73', '2017-02-09 20:31:08', 'CL73774465'),
(233, 18, '73', '2017-02-09 20:31:39', 'CL73774465'),
(233, 19, '39', '2017-02-09 20:31:32', 'CL73774465'),
(233, 20, '66', '2017-02-09 20:31:48', 'CL73774465'),
(233, 21, '38', '2017-02-09 20:33:02', 'CL73774465'),
(233, 22, '23', '2017-02-09 20:32:38', 'CL73774465'),
(233, 23, '19', '2017-02-09 18:41:08', 'CL73774465'),
(234, 1, '58', '2017-02-09 20:30:15', 'CL73774465'),
(234, 2, '39', '2017-02-09 20:31:39', 'CL73774465'),
(234, 3, '46', '2017-02-09 20:31:19', 'CL73774465'),
(234, 4, '35', '2017-02-09 20:30:30', 'CL73774465'),
(234, 5, '61', '2017-02-09 20:31:56', 'CL73774465'),
(234, 6, '87', '2017-02-09 20:31:43', 'CL73774465'),
(234, 7, '9', '2017-02-09 20:30:34', 'CL73774465'),
(234, 8, '11', '2017-02-09 20:30:45', 'CL73774465'),
(234, 9, '50', '2017-02-09 18:41:26', 'CL73774465'),
(234, 10, '99', '2017-02-09 20:30:42', 'CL73774465'),
(234, 11, '88', '2017-02-09 20:31:35', 'CL73774465'),
(234, 12, '33', '2017-02-09 18:41:29', 'CL73774465'),
(234, 13, '68', '2017-02-09 20:31:48', 'CL73774465'),
(234, 14, '29', '2017-02-09 20:31:08', 'CL73774465'),
(234, 15, '27', '2017-02-09 20:30:23', 'CL73774465'),
(234, 16, '92', '2017-02-09 20:30:59', 'CL73774465'),
(234, 17, '92', '2017-02-09 20:31:29', 'CL73774465'),
(234, 18, '91', '2017-02-09 20:30:51', 'CL73774465'),
(234, 19, '9', '2017-02-09 20:31:13', 'CL73774465'),
(234, 20, '66', '2017-02-09 20:30:18', 'CL73774465'),
(234, 21, '70', '2017-02-09 20:30:56', 'CL73774465'),
(234, 22, '56', '2017-02-09 20:31:25', 'CL73774465'),
(234, 23, '52', '2017-02-09 18:41:35', 'CL73774465'),
(235, 1, '63', '2017-02-09 20:30:33', 'CL73774465'),
(235, 2, '80', '2017-02-09 20:33:18', 'CL73774465'),
(235, 3, '50', '2017-02-09 20:34:24', 'CL73774465'),
(235, 4, '58', '2017-02-09 20:34:51', 'CL73774465'),
(235, 5, '65', '2017-02-09 20:34:34', 'CL73774465'),
(235, 6, '66', '2017-02-09 20:33:41', 'CL73774465'),
(235, 7, '8', '2017-02-09 20:32:54', 'CL73774465'),
(235, 8, '50', '2017-02-09 20:30:44', 'CL73774465'),
(235, 9, '85', '2017-02-09 18:41:52', 'CL73774465'),
(235, 10, '60', '2017-02-09 20:30:53', 'CL73774465'),
(235, 11, '16', '2017-02-09 20:33:28', 'CL73774465'),
(235, 12, '50', '2017-02-09 18:41:59', 'CL73774465'),
(235, 13, '58', '2017-02-09 20:31:48', 'CL73774465'),
(235, 14, '50', '2017-02-09 20:31:25', 'CL73774465'),
(235, 15, '50', '2017-02-09 20:32:35', 'CL73774465'),
(235, 16, '73', '2017-02-09 20:32:09', 'CL73774465'),
(235, 17, '74', '2017-02-09 20:33:08', 'CL73774465'),
(235, 18, '67', '2017-02-09 20:34:18', 'CL73774465'),
(235, 19, '68', '2017-02-09 20:31:16', 'CL73774465'),
(235, 20, '66', '2017-02-09 20:32:28', 'CL73774465'),
(235, 21, '85', '2017-02-09 20:34:41', 'CL73774465'),
(235, 22, '50', '2017-02-09 20:31:01', 'CL73774465'),
(235, 23, '50', '2017-02-09 18:42:06', 'CL73774465'),
(236, 1, '42', '2017-02-09 20:30:34', 'CL73774465'),
(236, 2, '50', '2017-02-09 20:33:28', 'CL73774465'),
(236, 3, '32', '2017-02-09 20:32:05', 'CL73774465'),
(236, 4, '51', '2017-02-09 20:34:19', 'CL73774465'),
(236, 5, '67', '2017-02-09 20:32:28', 'CL73774465'),
(236, 6, '50', '2017-02-09 20:32:52', 'CL73774465'),
(236, 7, '32', '2017-02-09 20:31:47', 'CL73774465'),
(236, 8, '1', '2017-02-09 20:31:20', 'CL73774465'),
(236, 9, '100', '2017-02-09 18:41:54', 'CL73774465'),
(236, 10, '84', '2017-02-09 20:33:54', 'CL73774465'),
(236, 11, '66', '2017-02-09 20:32:47', 'CL73774465'),
(236, 12, '50', '2017-02-09 18:42:02', 'CL73774465'),
(236, 13, '68', '2017-02-09 20:32:20', 'CL73774465'),
(236, 14, '73', '2017-02-09 20:30:59', 'CL73774465'),
(236, 15, '50', '2017-02-09 20:33:45', 'CL73774465'),
(236, 16, '38', '2017-02-09 20:32:37', 'CL73774465'),
(236, 17, '63', '2017-02-09 20:33:13', 'CL73774465'),
(236, 18, '50', '2017-02-09 20:34:25', 'CL73774465'),
(236, 19, '27', '2017-02-09 20:34:08', 'CL73774465'),
(236, 20, '50', '2017-02-09 20:33:35', 'CL73774465'),
(236, 21, '62', '2017-02-09 20:33:21', 'CL73774465'),
(236, 22, '31', '2017-02-09 20:34:32', 'CL73774465'),
(236, 23, '21', '2017-02-09 18:42:27', 'CL73774465'),
(237, 1, '20', '2017-02-09 20:30:26', 'CL73774465');
INSERT INTO `answers` (`id_user`, `id_question`, `answered_value`, `date`, `classID`) VALUES
(237, 2, '50', '2017-02-09 20:31:26', 'CL73774465'),
(237, 3, '50', '2017-02-09 20:30:42', 'CL73774465'),
(237, 4, '38', '2017-02-09 20:31:16', 'CL73774465'),
(237, 5, '15', '2017-02-09 20:30:45', 'CL73774465'),
(237, 6, '50', '2017-02-09 20:30:40', 'CL73774465'),
(237, 7, '32', '2017-02-09 20:31:22', 'CL73774465'),
(237, 8, '16', '2017-02-09 20:30:59', 'CL73774465'),
(237, 9, '50', '2017-02-09 18:41:51', 'CL73774465'),
(237, 10, '72', '2017-02-09 20:31:18', 'CL73774465'),
(237, 11, '69', '2017-02-09 20:31:20', 'CL73774465'),
(237, 12, '75', '2017-02-09 18:43:03', 'CL73774465'),
(237, 13, '53', '2017-02-09 20:31:14', 'CL73774465'),
(237, 14, '55', '2017-02-09 20:31:26', 'CL73774465'),
(237, 15, '50', '2017-02-09 20:31:28', 'CL73774465'),
(237, 16, '20', '2017-02-09 20:30:31', 'CL73774465'),
(237, 17, '21', '2017-02-09 20:30:49', 'CL73774465'),
(237, 18, '70', '2017-02-09 20:31:06', 'CL73774465'),
(237, 19, '14', '2017-02-09 20:30:53', 'CL73774465'),
(237, 20, '75', '2017-02-09 20:31:24', 'CL73774465'),
(237, 21, '36', '2017-02-09 20:30:35', 'CL73774465'),
(237, 22, '27', '2017-02-09 20:31:08', 'CL73774465'),
(237, 23, '28', '2017-02-09 18:43:07', 'CL73774465'),
(238, 1, '50', '2017-02-09 20:30:23', 'CL73774465'),
(238, 2, '68', '2017-02-09 20:33:16', 'CL73774465'),
(238, 3, '50', '2017-02-09 20:32:11', 'CL73774465'),
(238, 4, '50', '2017-02-09 20:31:26', 'CL73774465'),
(238, 5, '75', '2017-02-09 20:30:57', 'CL73774465'),
(238, 6, '89', '2017-02-09 20:32:18', 'CL73774465'),
(238, 7, '20', '2017-02-09 20:31:12', 'CL73774465'),
(238, 8, '50', '2017-02-09 20:32:57', 'CL73774465'),
(238, 9, '67', '2017-02-09 18:41:53', 'CL73774465'),
(238, 10, '68', '2017-02-09 20:32:49', 'CL73774465'),
(238, 11, '68', '2017-02-09 20:32:24', 'CL73774465'),
(238, 12, '67', '2017-02-09 18:41:59', 'CL73774465'),
(238, 13, '66', '2017-02-09 20:32:36', 'CL73774465'),
(238, 14, '50', '2017-02-09 20:30:46', 'CL73774465'),
(238, 15, '32', '2017-02-09 20:31:35', 'CL73774465'),
(238, 16, '90', '2017-02-09 20:33:07', 'CL73774465'),
(238, 17, '90', '2017-02-09 20:31:42', 'CL73774465'),
(238, 18, '90', '2017-02-09 20:30:34', 'CL73774465'),
(238, 19, '32', '2017-02-09 20:31:50', 'CL73774465'),
(238, 20, '91', '2017-02-09 20:32:31', 'CL73774465'),
(238, 21, '89', '2017-02-09 20:31:20', 'CL73774465'),
(238, 22, '90', '2017-02-09 20:30:40', 'CL73774465'),
(238, 23, '50', '2017-02-09 18:42:03', 'CL73774465'),
(239, 1, '50', '2017-02-09 20:30:38', 'CL73774465'),
(239, 2, '54', '2017-02-09 20:32:33', 'CL73774465'),
(239, 3, '15', '2017-02-09 20:32:12', 'CL73774465'),
(239, 4, '44', '2017-02-09 20:31:54', 'CL73774465'),
(239, 5, '31', '2017-02-09 20:32:58', 'CL73774465'),
(239, 6, '64', '2017-02-09 20:32:41', 'CL73774465'),
(239, 7, '9', '2017-02-09 20:32:05', 'CL73774465'),
(239, 8, '13', '2017-02-09 20:30:53', 'CL73774465'),
(239, 9, '73', '2017-02-09 18:41:57', 'CL73774465'),
(239, 10, '62', '2017-02-09 20:32:19', 'CL73774465'),
(239, 11, '30', '2017-02-09 20:31:10', 'CL73774465'),
(239, 12, '70', '2017-02-09 18:42:10', 'CL73774465'),
(239, 13, '62', '2017-02-09 20:31:44', 'CL73774465'),
(239, 14, '22', '2017-02-09 20:31:00', 'CL73774465'),
(239, 15, '12', '2017-02-09 20:31:21', 'CL73774465'),
(239, 16, '66', '2017-02-09 20:32:27', 'CL73774465'),
(239, 17, '25', '2017-02-09 20:30:46', 'CL73774465'),
(239, 18, '62', '2017-02-09 20:32:52', 'CL73774465'),
(239, 19, '17', '2017-02-09 20:31:34', 'CL73774465'),
(239, 20, '22', '2017-02-09 20:31:29', 'CL73774465'),
(239, 21, '70', '2017-02-09 20:31:04', 'CL73774465'),
(239, 22, '69', '2017-02-09 20:32:47', 'CL73774465'),
(239, 23, '16', '2017-02-09 18:42:16', 'CL73774465'),
(240, 1, '79', '2017-02-09 20:30:21', 'CL73774465'),
(240, 2, '72', '2017-02-09 20:33:27', 'CL73774465'),
(240, 3, '15', '2017-02-09 20:31:59', 'CL73774465'),
(240, 4, '50', '2017-02-09 20:32:31', 'CL73774465'),
(240, 5, '76', '2017-02-09 20:30:56', 'CL73774465'),
(240, 6, '77', '2017-02-09 20:31:22', 'CL73774465'),
(240, 7, '1', '2017-02-09 20:33:14', 'CL73774465'),
(240, 8, '30', '2017-02-09 20:31:49', 'CL73774465'),
(240, 9, '100', '2017-02-09 18:42:12', 'CL73774465'),
(240, 10, '97', '2017-02-09 20:31:15', 'CL73774465'),
(240, 11, '71', '2017-02-09 20:32:39', 'CL73774465'),
(240, 12, '68', '2017-02-09 18:42:27', 'CL73774465'),
(240, 13, '76', '2017-02-09 20:30:33', 'CL73774465'),
(240, 14, '75', '2017-02-09 20:32:59', 'CL73774465'),
(240, 15, '75', '2017-02-09 20:30:42', 'CL73774465'),
(240, 16, '81', '2017-02-09 20:30:26', 'CL73774465'),
(240, 17, '84', '2017-02-09 20:31:32', 'CL73774465'),
(240, 18, '74', '2017-02-09 20:33:05', 'CL73774465'),
(240, 19, '85', '2017-02-09 20:32:53', 'CL73774465'),
(240, 20, '80', '2017-02-09 20:31:04', 'CL73774465'),
(240, 21, '91', '2017-02-09 20:32:46', 'CL73774465'),
(240, 22, '77', '2017-02-09 20:31:00', 'CL73774465'),
(240, 23, '1', '2017-02-09 18:43:04', 'CL73774465'),
(241, 1, '70', '2017-02-09 20:30:19', 'CL73774465'),
(241, 2, '65', '2017-02-09 20:30:31', 'CL73774465'),
(241, 3, '30', '2017-02-09 20:31:58', 'CL73774465'),
(241, 4, '30', '2017-02-09 20:34:39', 'CL73774465'),
(241, 5, '65', '2017-02-09 20:33:42', 'CL73774465'),
(241, 6, '90', '2017-02-09 20:32:56', 'CL73774465'),
(241, 7, '60', '2017-02-09 20:32:19', 'CL73774465'),
(241, 8, '20', '2017-02-09 20:33:19', 'CL73774465'),
(241, 9, '75', '2017-02-09 18:42:22', 'CL73774465'),
(241, 10, '45', '2017-02-09 20:31:07', 'CL73774465'),
(241, 11, '40', '2017-02-09 20:30:53', 'CL73774465'),
(241, 12, '60', '2017-02-09 18:42:29', 'CL73774465'),
(241, 13, '70', '2017-02-09 20:33:06', 'CL73774465'),
(241, 14, '40', '2017-02-09 20:31:33', 'CL73774465'),
(241, 15, '30', '2017-02-09 20:33:59', 'CL73774465'),
(241, 16, '60', '2017-02-09 20:30:40', 'CL73774465'),
(241, 17, '60', '2017-02-09 20:32:47', 'CL73774465'),
(241, 18, '70', '2017-02-09 20:33:32', 'CL73774465'),
(241, 19, '65', '2017-02-09 20:32:34', 'CL73774465'),
(241, 20, '70', '2017-02-09 20:34:09', 'CL73774465'),
(241, 21, '70', '2017-02-09 20:33:47', 'CL73774465'),
(241, 22, '65', '2017-02-09 20:31:16', 'CL73774465'),
(241, 23, '50', '2017-02-09 18:42:34', 'CL73774465'),
(242, 1, '50', '2017-02-09 20:31:01', 'CL73774465'),
(242, 2, '46', '2017-02-09 20:33:10', 'CL73774465'),
(242, 3, '61', '2017-02-09 20:33:16', 'CL73774465'),
(242, 4, '35', '2017-02-09 20:32:07', 'CL73774465'),
(242, 5, '61', '2017-02-09 20:33:21', 'CL73774465'),
(242, 6, '26', '2017-02-09 20:32:51', 'CL73774465'),
(242, 7, '56', '2017-02-09 20:33:30', 'CL73774465'),
(242, 8, '59', '2017-02-09 20:31:10', 'CL73774465'),
(242, 9, '67', '2017-02-09 18:42:17', 'CL73774465'),
(242, 10, '44', '2017-02-09 20:32:45', 'CL73774465'),
(242, 11, '77', '2017-02-09 20:31:48', 'CL73774465'),
(242, 12, '74', '2017-02-09 18:42:52', 'CL73774465'),
(242, 13, '54', '2017-02-09 20:32:17', 'CL73774465'),
(242, 14, '83', '2017-02-09 20:31:43', 'CL73774465'),
(242, 15, '83', '2017-02-09 20:31:54', 'CL73774465'),
(242, 16, '58', '2017-02-09 20:32:29', 'CL73774465'),
(242, 17, '62', '2017-02-09 20:33:25', 'CL73774465'),
(242, 18, '74', '2017-02-09 20:31:36', 'CL73774465'),
(242, 19, '74', '2017-02-09 20:31:17', 'CL73774465'),
(242, 20, '59', '2017-02-09 20:32:36', 'CL73774465'),
(242, 21, '50', '2017-02-09 20:32:58', 'CL73774465'),
(242, 22, '62', '2017-02-09 20:32:23', 'CL73774465'),
(242, 23, '71', '2017-02-09 18:43:08', 'CL73774465'),
(243, 1, '50', '2017-02-09 20:32:06', 'CL73774465'),
(243, 2, '50', '2017-02-09 20:33:43', 'CL73774465'),
(243, 3, '50', '2017-02-09 20:32:15', 'CL73774465'),
(243, 4, '50', '2017-02-09 20:32:13', 'CL73774465'),
(243, 5, '50', '2017-02-09 20:33:39', 'CL73774465'),
(243, 6, '50', '2017-02-09 20:32:57', 'CL73774465'),
(243, 7, '87', '2017-02-09 20:33:28', 'CL73774465'),
(243, 8, '50', '2017-02-09 20:32:38', 'CL73774465'),
(243, 9, '1', '2017-02-09 18:42:26', 'CL73774465'),
(243, 10, '50', '2017-02-09 20:32:19', 'CL73774465'),
(243, 11, '50', '2017-02-09 20:32:09', 'CL73774465'),
(243, 12, '91', '2017-02-09 18:42:34', 'CL73774465'),
(243, 13, '50', '2017-02-09 20:33:17', 'CL73774465'),
(243, 14, '50', '2017-02-09 20:33:40', 'CL73774465'),
(243, 15, '50', '2017-02-09 20:33:46', 'CL73774465'),
(243, 16, '50', '2017-02-09 20:32:11', 'CL73774465'),
(243, 17, '50', '2017-02-09 20:33:12', 'CL73774465'),
(243, 18, '39', '2017-02-09 20:33:37', 'CL73774465'),
(243, 19, '34', '2017-02-09 20:33:33', 'CL73774465'),
(243, 20, '50', '2017-02-09 20:33:41', 'CL73774465'),
(243, 21, '50', '2017-02-09 20:33:45', 'CL73774465'),
(243, 22, '50', '2017-02-09 20:32:16', 'CL73774465'),
(243, 23, '30', '2017-02-09 18:42:43', 'CL73774465'),
(244, 1, '50', '2017-02-09 20:30:17', 'CL73774465'),
(244, 2, '36', '2017-02-09 20:34:13', 'CL73774465'),
(244, 3, '24', '2017-02-09 20:32:46', 'CL73774465'),
(244, 4, '30', '2017-02-09 20:31:03', 'CL73774465'),
(244, 5, '49', '2017-02-09 20:32:26', 'CL73774465'),
(244, 6, '72', '2017-02-09 20:32:18', 'CL73774465'),
(244, 7, '1', '2017-02-09 20:31:37', 'CL73774465'),
(244, 8, '49', '2017-02-09 20:33:17', 'CL73774465'),
(244, 9, '99', '2017-02-09 18:42:35', 'CL73774465'),
(244, 10, '70', '2017-02-09 20:33:41', 'CL73774465'),
(244, 11, '85', '2017-02-09 20:34:28', 'CL73774465'),
(244, 12, '73', '2017-02-09 18:42:46', 'CL73774465'),
(244, 13, '50', '2017-02-09 20:31:10', 'CL73774465'),
(244, 14, '29', '2017-02-09 20:33:30', 'CL73774465'),
(244, 15, '50', '2017-02-09 20:31:43', 'CL73774465'),
(244, 16, '88', '2017-02-09 20:33:57', 'CL73774465'),
(244, 17, '58', '2017-02-09 20:30:37', 'CL73774465'),
(244, 18, '70', '2017-02-09 20:32:11', 'CL73774465'),
(244, 19, '41', '2017-02-09 20:33:51', 'CL73774465'),
(244, 20, '43', '2017-02-09 20:34:37', 'CL73774465'),
(244, 21, '62', '2017-02-09 20:30:52', 'CL73774465'),
(244, 22, '67', '2017-02-09 20:31:18', 'CL73774465'),
(244, 23, '50', '2017-02-09 18:42:53', 'CL73774465'),
(245, 1, '82', '2017-02-09 20:30:19', 'CL73774465'),
(245, 2, '40', '2017-02-09 20:32:49', 'CL73774465'),
(245, 3, '15', '2017-02-09 20:31:33', 'CL73774465'),
(245, 4, '60', '2017-02-09 20:30:36', 'CL73774465'),
(245, 5, '69', '2017-02-09 20:31:45', 'CL73774465'),
(245, 6, '73', '2017-02-09 20:30:25', 'CL73774465'),
(245, 7, '66', '2017-02-09 20:32:55', 'CL73774465'),
(245, 8, '69', '2017-02-09 20:32:26', 'CL73774465'),
(245, 9, '77', '2017-02-09 18:43:51', 'CL73774465'),
(245, 10, '78', '2017-02-09 20:30:46', 'CL73774465'),
(245, 11, '79', '2017-02-09 20:32:33', 'CL73774465'),
(245, 12, '86', '2017-02-09 18:43:59', 'CL73774465'),
(245, 13, '69', '2017-02-09 20:32:40', 'CL73774465'),
(245, 14, '63', '2017-02-09 20:31:00', 'CL73774465'),
(245, 15, '12', '2017-02-09 20:33:03', 'CL73774465'),
(245, 16, '95', '2017-02-09 20:31:23', 'CL73774465'),
(245, 17, '75', '2017-02-09 20:32:20', 'CL73774465'),
(245, 18, '77', '2017-02-09 20:33:12', 'CL73774465'),
(245, 19, '24', '2017-02-09 20:30:52', 'CL73774465'),
(245, 20, '68', '2017-02-09 20:31:08', 'CL73774465'),
(245, 21, '86', '2017-02-09 20:30:29', 'CL73774465'),
(245, 22, '88', '2017-02-09 20:31:13', 'CL73774465'),
(245, 23, '21', '2017-02-09 18:44:04', 'CL73774465'),
(246, 1, '69', '2017-02-09 20:30:28', 'CL73774465'),
(246, 2, '75', '2017-02-09 20:30:46', 'CL73774465'),
(246, 3, '66', '2017-02-09 20:32:07', 'CL73774465'),
(246, 4, '50', '2017-02-09 20:31:30', 'CL73774465'),
(246, 5, '67', '2017-02-09 20:33:22', 'CL73774465'),
(246, 6, '32', '2017-02-09 20:31:53', 'CL73774465'),
(246, 7, '69', '2017-02-09 20:33:30', 'CL73774465'),
(246, 8, '19', '2017-02-09 20:32:41', 'CL73774465'),
(246, 9, '32', '2017-02-09 18:43:18', 'CL73774465'),
(246, 10, '9', '2017-02-09 20:33:00', 'CL73774465'),
(246, 11, '10', '2017-02-09 20:32:25', 'CL73774465'),
(246, 12, '37', '2017-02-09 18:43:25', 'CL73774465'),
(246, 13, '68', '2017-02-09 20:31:39', 'CL73774465'),
(246, 14, '45', '2017-02-09 20:31:08', 'CL73774465'),
(246, 15, '28', '2017-02-09 20:32:54', 'CL73774465'),
(246, 16, '75', '2017-02-09 20:30:37', 'CL73774465'),
(246, 17, '85', '2017-02-09 20:33:08', 'CL73774465'),
(246, 18, '70', '2017-02-09 20:31:23', 'CL73774465'),
(246, 19, '14', '2017-02-09 20:31:46', 'CL73774465'),
(246, 20, '13', '2017-02-09 20:31:57', 'CL73774465'),
(246, 21, '15', '2017-02-09 20:30:55', 'CL73774465'),
(246, 22, '27', '2017-02-09 20:32:45', 'CL73774465'),
(246, 23, '66', '2017-02-09 18:43:32', 'CL73774465'),
(247, 1, '60', '2017-02-09 20:31:56', 'CL73774465'),
(247, 2, '70', '2017-02-09 20:33:38', 'CL73774465'),
(247, 3, '50', '2017-02-09 20:34:32', 'CL73774465'),
(247, 4, '60', '2017-02-09 20:32:42', 'CL73774465'),
(247, 5, '60', '2017-02-09 20:32:22', 'CL73774465'),
(247, 6, '80', '2017-02-09 20:33:58', 'CL73774465'),
(247, 7, '51', '2017-02-09 20:33:15', 'CL73774465'),
(247, 8, '75', '2017-02-09 20:35:19', 'CL73774465'),
(247, 9, '50', '2017-02-09 18:43:34', 'CL73774465'),
(247, 10, '90', '2017-02-09 20:32:53', 'CL73774465'),
(247, 11, '80', '2017-02-09 20:32:14', 'CL73774465'),
(247, 12, '85', '2017-02-09 18:43:45', 'CL73774465'),
(247, 13, '50', '2017-02-09 20:34:26', 'CL73774465'),
(247, 14, '50', '2017-02-09 20:35:04', 'CL73774465'),
(247, 15, '50', '2017-02-09 20:33:50', 'CL73774465'),
(247, 16, '70', '2017-02-09 20:34:20', 'CL73774465'),
(247, 17, '70', '2017-02-09 20:33:27', 'CL73774465'),
(247, 18, '50', '2017-02-09 20:34:09', 'CL73774465'),
(247, 19, '50', '2017-02-09 20:34:50', 'CL73774465'),
(247, 20, '50', '2017-02-09 20:34:57', 'CL73774465'),
(247, 21, '80', '2017-02-09 20:32:27', 'CL73774465'),
(247, 22, '50', '2017-02-09 20:33:19', 'CL73774465'),
(247, 23, '20', '2017-02-09 18:44:04', 'CL73774465'),
(248, 1, '66', '2017-02-09 20:30:27', 'CL73774465'),
(248, 2, '89', '2017-02-09 20:30:50', 'CL73774465'),
(248, 3, '50', '2017-02-09 20:33:48', 'CL73774465'),
(248, 4, '50', '2017-02-09 20:32:34', 'CL73774465'),
(248, 5, '81', '2017-02-09 20:32:25', 'CL73774465'),
(248, 6, '50', '2017-02-09 20:33:31', 'CL73774465'),
(248, 7, '2', '2017-02-09 20:33:41', 'CL73774465'),
(248, 8, '2', '2017-02-09 20:31:05', 'CL73774465'),
(248, 9, '98', '2017-02-09 18:45:21', 'CL73774465'),
(248, 10, '99', '2017-02-09 20:33:11', 'CL73774465'),
(248, 11, '21', '2017-02-09 20:31:27', 'CL73774465'),
(248, 12, '100', '2017-02-09 18:45:40', 'CL73774465'),
(248, 13, '82', '2017-02-09 20:31:47', 'CL73774465'),
(248, 14, '1', '2017-02-09 20:34:50', 'CL73774465'),
(248, 15, '50', '2017-02-09 20:32:53', 'CL73774465'),
(248, 16, '100', '2017-02-09 20:31:36', 'CL73774465'),
(248, 17, '100', '2017-02-09 20:33:23', 'CL73774465'),
(248, 18, '99', '2017-02-09 20:30:39', 'CL73774465'),
(248, 19, '1', '2017-02-09 20:32:12', 'CL73774465'),
(248, 20, '100', '2017-02-09 20:34:17', 'CL73774465'),
(248, 21, '79', '2017-02-09 20:34:28', 'CL73774465'),
(248, 22, '100', '2017-02-09 20:34:01', 'CL73774465'),
(248, 23, '3', '2017-02-09 18:45:52', 'CL73774465'),
(250, 1, '60', '2017-02-15 14:24:25', 'CL2326AC4A'),
(250, 2, '65', '2017-02-15 14:25:18', 'CL2326AC4A'),
(250, 3, '60', '2017-02-15 14:24:58', 'CL2326AC4A'),
(250, 4, '45', '2017-02-15 14:25:08', 'CL2326AC4A'),
(250, 5, '71', '2017-02-15 14:24:49', 'CL2326AC4A'),
(250, 6, '85', '2017-02-15 14:26:07', 'CL2326AC4A'),
(250, 7, '8', '2017-02-15 14:25:59', 'CL2326AC4A'),
(250, 8, '15', '2017-02-15 14:27:44', 'CL2326AC4A'),
(250, 9, '75', '2017-02-15 13:06:31', 'CL2326AC4A'),
(250, 10, '80', '2017-02-15 14:26:23', 'CL2326AC4A'),
(250, 11, '75', '2017-02-15 14:26:33', 'CL2326AC4A'),
(250, 12, '79', '2017-02-15 13:06:40', 'CL2326AC4A'),
(250, 13, '31', '2017-02-15 14:27:23', 'CL2326AC4A'),
(250, 14, '7', '2017-02-15 14:27:04', 'CL2326AC4A'),
(250, 15, '5', '2017-02-15 14:27:36', 'CL2326AC4A'),
(250, 16, '80', '2017-02-15 14:25:41', 'CL2326AC4A'),
(250, 17, '79', '2017-02-15 14:27:13', 'CL2326AC4A'),
(250, 18, '20', '2017-02-15 14:26:16', 'CL2326AC4A'),
(250, 19, '30', '2017-02-15 14:26:44', 'CL2326AC4A'),
(250, 20, '15', '2017-02-15 14:26:52', 'CL2326AC4A'),
(250, 21, '70', '2017-02-15 14:24:31', 'CL2326AC4A'),
(250, 22, '60', '2017-02-15 14:25:47', 'CL2326AC4A'),
(250, 23, '55', '2017-02-15 13:06:50', 'CL2326AC4A'),
(251, 1, '70', '2017-02-15 14:26:31', 'CL2326AC4A'),
(251, 2, '68', '2017-02-15 14:27:06', 'CL2326AC4A'),
(251, 3, '73', '2017-02-15 14:26:55', 'CL2326AC4A'),
(251, 4, '78', '2017-02-15 14:28:03', 'CL2326AC4A'),
(251, 5, '50', '2017-02-15 14:26:37', 'CL2326AC4A'),
(251, 6, '31', '2017-02-15 14:27:51', 'CL2326AC4A'),
(251, 7, '11', '2017-02-15 14:26:44', 'CL2326AC4A'),
(251, 8, '6', '2017-02-15 14:28:07', 'CL2326AC4A'),
(251, 9, '87', '2017-02-15 13:07:43', 'CL2326AC4A'),
(251, 10, '67', '2017-02-15 14:27:11', 'CL2326AC4A'),
(251, 11, '50', '2017-02-15 14:28:38', 'CL2326AC4A'),
(251, 12, '28', '2017-02-15 13:07:47', 'CL2326AC4A'),
(251, 13, '10', '2017-02-15 14:27:30', 'CL2326AC4A'),
(251, 14, '15', '2017-02-15 14:28:22', 'CL2326AC4A'),
(251, 15, '3', '2017-02-15 14:27:58', 'CL2326AC4A'),
(251, 16, '29', '2017-02-15 14:27:22', 'CL2326AC4A'),
(251, 17, '34', '2017-02-15 14:28:34', 'CL2326AC4A'),
(251, 18, '22', '2017-02-15 14:27:44', 'CL2326AC4A'),
(251, 19, '3', '2017-02-15 14:28:14', 'CL2326AC4A'),
(251, 20, '50', '2017-02-15 14:28:26', 'CL2326AC4A'),
(251, 21, '59', '2017-02-15 14:28:43', 'CL2326AC4A'),
(251, 22, '27', '2017-02-15 14:27:36', 'CL2326AC4A'),
(251, 23, '41', '2017-02-15 13:07:51', 'CL2326AC4A'),
(252, 1, '64', '2017-02-15 14:24:08', 'CL2326AC4A'),
(252, 2, '63', '2017-02-15 14:28:12', 'CL2326AC4A'),
(252, 3, '51', '2017-02-15 14:24:30', 'CL2326AC4A'),
(252, 4, '64', '2017-02-15 14:28:05', 'CL2326AC4A'),
(252, 5, '73', '2017-02-15 14:26:36', 'CL2326AC4A'),
(252, 6, '63', '2017-02-15 14:28:20', 'CL2326AC4A'),
(252, 7, '50', '2017-02-15 14:24:14', 'CL2326AC4A'),
(252, 8, '38', '2017-02-15 14:27:03', 'CL2326AC4A'),
(252, 9, '70', '2017-02-15 13:08:24', 'CL2326AC4A'),
(252, 10, '64', '2017-02-15 14:26:21', 'CL2326AC4A'),
(252, 11, '61', '2017-02-15 14:27:49', 'CL2326AC4A'),
(252, 12, '50', '2017-02-15 13:08:26', 'CL2326AC4A'),
(252, 13, '72', '2017-02-15 14:26:12', 'CL2326AC4A'),
(252, 14, '66', '2017-02-15 14:26:30', 'CL2326AC4A'),
(252, 15, '61', '2017-02-15 14:26:03', 'CL2326AC4A'),
(252, 16, '40', '2017-02-15 14:27:25', 'CL2326AC4A'),
(252, 17, '63', '2017-02-15 14:27:14', 'CL2326AC4A'),
(252, 18, '50', '2017-02-15 14:27:33', 'CL2326AC4A'),
(252, 19, '61', '2017-02-15 14:27:54', 'CL2326AC4A'),
(252, 20, '50', '2017-02-15 14:25:52', 'CL2326AC4A'),
(252, 21, '79', '2017-02-15 14:27:40', 'CL2326AC4A'),
(252, 22, '79', '2017-02-15 14:26:46', 'CL2326AC4A'),
(252, 23, '53', '2017-02-15 13:08:40', 'CL2326AC4A'),
(253, 1, '57', '2017-02-15 14:25:47', 'CL2326AC4A'),
(253, 2, '50', '2017-02-15 14:26:29', 'CL2326AC4A'),
(253, 3, '50', '2017-02-15 14:27:48', 'CL2326AC4A'),
(253, 4, '50', '2017-02-15 14:28:22', 'CL2326AC4A'),
(253, 5, '50', '2017-02-15 14:28:14', 'CL2326AC4A'),
(253, 6, '64', '2017-02-15 14:28:08', 'CL2326AC4A'),
(253, 7, '6', '2017-02-15 14:26:11', 'CL2326AC4A'),
(253, 8, '7', '2017-02-15 14:27:44', 'CL2326AC4A'),
(253, 9, '62', '2017-02-15 13:08:01', 'CL2326AC4A'),
(253, 10, '50', '2017-02-15 14:27:38', 'CL2326AC4A'),
(253, 11, '55', '2017-02-15 14:26:37', 'CL2326AC4A'),
(253, 12, '70', '2017-02-15 13:08:11', 'CL2326AC4A'),
(253, 13, '56', '2017-02-15 14:26:06', 'CL2326AC4A'),
(253, 14, '6', '2017-02-15 14:26:56', 'CL2326AC4A'),
(253, 15, '54', '2017-02-15 14:26:21', 'CL2326AC4A'),
(253, 16, '70', '2017-02-15 14:25:58', 'CL2326AC4A'),
(253, 17, '67', '2017-02-15 14:27:15', 'CL2326AC4A'),
(253, 18, '50', '2017-02-15 14:27:31', 'CL2326AC4A'),
(253, 19, '20', '2017-02-15 14:27:06', 'CL2326AC4A'),
(253, 20, '62', '2017-02-15 14:27:59', 'CL2326AC4A'),
(253, 21, '60', '2017-02-15 14:26:44', 'CL2326AC4A'),
(253, 22, '71', '2017-02-15 14:26:17', 'CL2326AC4A'),
(253, 23, '65', '2017-02-15 13:08:23', 'CL2326AC4A'),
(254, 1, '62', '2017-02-15 14:25:25', 'CL2326AC4A'),
(254, 2, '62', '2017-02-15 14:25:41', 'CL2326AC4A'),
(254, 3, '12', '2017-02-15 14:25:33', 'CL2326AC4A'),
(254, 4, '65', '2017-02-15 14:25:53', 'CL2326AC4A'),
(254, 5, '37', '2017-02-15 14:26:01', 'CL2326AC4A'),
(254, 6, '63', '2017-02-15 14:26:42', 'CL2326AC4A'),
(254, 7, '32', '2017-02-15 14:26:31', 'CL2326AC4A'),
(254, 8, '65', '2017-02-15 14:26:06', 'CL2326AC4A'),
(254, 9, '91', '2017-02-15 13:07:58', 'CL2326AC4A'),
(254, 10, '61', '2017-02-15 14:26:23', 'CL2326AC4A'),
(254, 11, '66', '2017-02-15 14:27:07', 'CL2326AC4A'),
(254, 12, '91', '2017-02-15 13:08:22', 'CL2326AC4A'),
(254, 13, '61', '2017-02-15 14:25:58', 'CL2326AC4A'),
(254, 14, '65', '2017-02-15 14:26:48', 'CL2326AC4A'),
(254, 15, '63', '2017-02-15 14:26:50', 'CL2326AC4A'),
(254, 16, '61', '2017-02-15 14:25:30', 'CL2326AC4A'),
(254, 17, '60', '2017-02-15 14:25:44', 'CL2326AC4A'),
(254, 18, '55', '2017-02-15 14:26:36', 'CL2326AC4A'),
(254, 19, '64', '2017-02-15 14:25:48', 'CL2326AC4A'),
(254, 20, '63', '2017-02-15 14:25:55', 'CL2326AC4A'),
(254, 21, '69', '2017-02-15 14:26:40', 'CL2326AC4A'),
(254, 22, '69', '2017-02-15 14:26:10', 'CL2326AC4A'),
(254, 23, '11', '2017-02-15 13:08:30', 'CL2326AC4A'),
(255, 1, '73', '2017-02-15 14:24:02', 'CL2326AC4A'),
(255, 2, '63', '2017-02-15 14:26:22', 'CL2326AC4A'),
(255, 3, '50', '2017-02-15 14:26:27', 'CL2326AC4A'),
(255, 4, '29', '2017-02-15 14:26:03', 'CL2326AC4A'),
(255, 5, '82', '2017-02-15 14:24:16', 'CL2326AC4A'),
(255, 6, '79', '2017-02-15 14:24:08', 'CL2326AC4A'),
(255, 7, '6', '2017-02-15 14:27:56', 'CL2326AC4A'),
(255, 8, '34', '2017-02-15 14:25:54', 'CL2326AC4A'),
(255, 9, '81', '2017-02-15 13:08:02', 'CL2326AC4A'),
(255, 10, '11', '2017-02-15 14:27:43', 'CL2326AC4A'),
(255, 11, '12', '2017-02-15 14:24:30', 'CL2326AC4A'),
(255, 12, '19', '2017-02-15 13:08:07', 'CL2326AC4A'),
(255, 13, '85', '2017-02-15 14:25:05', 'CL2326AC4A'),
(255, 14, '73', '2017-02-15 14:25:14', 'CL2326AC4A'),
(255, 15, '43', '2017-02-15 14:24:50', 'CL2326AC4A'),
(255, 16, '81', '2017-02-15 14:26:15', 'CL2326AC4A'),
(255, 17, '84', '2017-02-15 14:24:37', 'CL2326AC4A'),
(255, 18, '79', '2017-02-15 14:25:26', 'CL2326AC4A'),
(255, 19, '64', '2017-02-15 14:27:36', 'CL2326AC4A'),
(255, 20, '82', '2017-02-15 14:25:38', 'CL2326AC4A'),
(255, 21, '91', '2017-02-15 14:25:44', 'CL2326AC4A'),
(255, 22, '68', '2017-02-15 14:26:08', 'CL2326AC4A'),
(255, 23, '85', '2017-02-15 13:08:12', 'CL2326AC4A'),
(256, 1, '70', '2017-02-15 14:25:26', 'CL2326AC4A'),
(256, 2, '77', '2017-02-15 14:27:17', 'CL2326AC4A'),
(256, 3, '68', '2017-02-15 14:29:41', 'CL2326AC4A'),
(256, 4, '50', '2017-02-15 14:26:52', 'CL2326AC4A'),
(256, 5, '67', '2017-02-15 14:28:46', 'CL2326AC4A'),
(256, 6, '69', '2017-02-15 14:27:38', 'CL2326AC4A'),
(256, 7, '9', '2017-02-15 14:32:01', 'CL2326AC4A'),
(256, 8, '13', '2017-02-15 14:25:53', 'CL2326AC4A'),
(256, 9, '85', '2017-02-15 13:08:23', 'CL2326AC4A'),
(256, 10, '30', '2017-02-15 14:33:31', 'CL2326AC4A'),
(256, 11, '30', '2017-02-15 14:28:30', 'CL2326AC4A'),
(256, 12, '75', '2017-02-15 13:08:30', 'CL2326AC4A'),
(256, 13, '76', '2017-02-15 14:30:09', 'CL2326AC4A'),
(256, 14, '50', '2017-02-15 14:31:15', 'CL2326AC4A'),
(256, 15, '60', '2017-02-15 14:28:13', 'CL2326AC4A'),
(256, 16, '67', '2017-02-15 14:29:27', 'CL2326AC4A'),
(256, 17, '70', '2017-02-15 14:26:26', 'CL2326AC4A'),
(256, 18, '80', '2017-02-15 14:26:39', 'CL2326AC4A'),
(256, 19, '50', '2017-02-15 14:32:37', 'CL2326AC4A'),
(256, 20, '50', '2017-02-15 14:32:45', 'CL2326AC4A'),
(256, 21, '77', '2017-02-15 14:28:54', 'CL2326AC4A'),
(256, 22, '78', '2017-02-15 14:31:41', 'CL2326AC4A'),
(256, 23, '66', '2017-02-15 13:08:51', 'CL2326AC4A'),
(257, 1, '63', '2017-02-15 14:25:12', 'CL2326AC4A'),
(257, 2, '72', '2017-02-15 14:27:55', 'CL2326AC4A'),
(257, 3, '50', '2017-02-15 14:25:23', 'CL2326AC4A'),
(257, 4, '63', '2017-02-15 14:26:37', 'CL2326AC4A'),
(257, 5, '69', '2017-02-15 14:27:36', 'CL2326AC4A'),
(257, 6, '58', '2017-02-15 14:26:17', 'CL2326AC4A'),
(257, 7, '4', '2017-02-15 14:28:38', 'CL2326AC4A'),
(257, 8, '25', '2017-02-15 14:25:52', 'CL2326AC4A'),
(257, 9, '67', '2017-02-15 13:08:58', 'CL2326AC4A'),
(257, 10, '77', '2017-02-15 14:27:47', 'CL2326AC4A'),
(257, 11, '30', '2017-02-15 14:26:59', 'CL2326AC4A'),
(257, 12, '60', '2017-02-15 13:09:04', 'CL2326AC4A'),
(257, 13, '12', '2017-02-15 14:28:32', 'CL2326AC4A'),
(257, 14, '50', '2017-02-15 14:26:11', 'CL2326AC4A'),
(257, 15, '19', '2017-02-15 14:27:12', 'CL2326AC4A'),
(257, 16, '79', '2017-02-15 14:28:01', 'CL2326AC4A'),
(257, 17, '63', '2017-02-15 14:25:38', 'CL2326AC4A'),
(257, 18, '70', '2017-02-15 14:26:26', 'CL2326AC4A'),
(257, 19, '8', '2017-02-15 14:29:24', 'CL2326AC4A'),
(257, 20, '69', '2017-02-15 14:27:24', 'CL2326AC4A'),
(257, 21, '67', '2017-02-15 14:27:29', 'CL2326AC4A'),
(257, 22, '50', '2017-02-15 14:25:28', 'CL2326AC4A'),
(257, 23, '50', '2017-02-15 13:09:25', 'CL2326AC4A'),
(258, 1, '36', '2017-02-15 14:25:26', 'CL2326AC4A'),
(258, 2, '65', '2017-02-15 14:26:54', 'CL2326AC4A'),
(258, 3, '50', '2017-02-15 14:25:33', 'CL2326AC4A'),
(258, 4, '34', '2017-02-15 14:27:24', 'CL2326AC4A'),
(258, 5, '66', '2017-02-15 14:27:31', 'CL2326AC4A'),
(258, 6, '87', '2017-02-15 14:28:01', 'CL2326AC4A'),
(258, 7, '71', '2017-02-15 14:25:47', 'CL2326AC4A'),
(258, 8, '30', '2017-02-15 14:26:02', 'CL2326AC4A'),
(258, 9, '86', '2017-02-15 13:10:10', 'CL2326AC4A'),
(258, 10, '70', '2017-02-15 14:27:17', 'CL2326AC4A'),
(258, 11, '88', '2017-02-15 14:27:06', 'CL2326AC4A'),
(258, 12, '50', '2017-02-15 13:10:15', 'CL2326AC4A'),
(258, 13, '33', '2017-02-15 14:26:46', 'CL2326AC4A'),
(258, 14, '9', '2017-02-15 14:26:27', 'CL2326AC4A'),
(258, 15, '64', '2017-02-15 14:25:53', 'CL2326AC4A'),
(258, 16, '93', '2017-02-15 14:27:46', 'CL2326AC4A'),
(258, 17, '72', '2017-02-15 14:26:35', 'CL2326AC4A'),
(258, 18, '81', '2017-02-15 14:27:39', 'CL2326AC4A'),
(258, 19, '19', '2017-02-15 14:26:15', 'CL2326AC4A'),
(258, 20, '87', '2017-02-15 14:27:01', 'CL2326AC4A'),
(258, 21, '89', '2017-02-15 14:27:54', 'CL2326AC4A'),
(258, 22, '36', '2017-02-15 14:25:39', 'CL2326AC4A'),
(258, 23, '64', '2017-02-15 13:10:25', 'CL2326AC4A'),
(259, 1, '90', '2017-02-15 14:24:32', 'CL2326AC4A'),
(259, 2, '86', '2017-02-15 14:27:24', 'CL2326AC4A'),
(259, 3, '86', '2017-02-15 14:27:58', 'CL2326AC4A'),
(259, 4, '73', '2017-02-15 14:25:42', 'CL2326AC4A'),
(259, 5, '89', '2017-02-15 14:27:13', 'CL2326AC4A'),
(259, 6, '14', '2017-02-15 14:25:52', 'CL2326AC4A'),
(259, 7, '21', '2017-02-15 14:27:37', 'CL2326AC4A'),
(259, 8, '23', '2017-02-15 14:25:13', 'CL2326AC4A'),
(259, 9, '74', '2017-02-15 13:10:22', 'CL2326AC4A'),
(259, 10, '63', '2017-02-15 14:26:15', 'CL2326AC4A'),
(259, 11, '22', '2017-02-15 14:27:29', 'CL2326AC4A'),
(259, 12, '77', '2017-02-15 13:10:31', 'CL2326AC4A'),
(259, 13, '86', '2017-02-15 14:27:03', 'CL2326AC4A'),
(259, 14, '87', '2017-02-15 14:24:39', 'CL2326AC4A'),
(259, 15, '37', '2017-02-15 14:25:28', 'CL2326AC4A'),
(259, 16, '91', '2017-02-15 14:26:45', 'CL2326AC4A'),
(259, 17, '87', '2017-02-15 14:26:01', 'CL2326AC4A'),
(259, 18, '16', '2017-02-15 14:27:45', 'CL2326AC4A'),
(259, 19, '91', '2017-02-15 14:26:35', 'CL2326AC4A'),
(259, 20, '35', '2017-02-15 14:26:07', 'CL2326AC4A'),
(259, 21, '19', '2017-02-15 14:26:52', 'CL2326AC4A'),
(259, 22, '26', '2017-02-15 14:26:21', 'CL2326AC4A'),
(259, 23, '27', '2017-02-15 13:10:36', 'CL2326AC4A'),
(260, 1, '32', '2017-02-16 19:20:03', 'CL1C2BC78B'),
(260, 2, '50', '2017-02-16 19:22:04', 'CL1C2BC78B'),
(260, 3, '9', '2017-02-16 19:20:09', 'CL1C2BC78B'),
(260, 4, '31', '2017-02-16 19:20:29', 'CL1C2BC78B'),
(260, 5, '50', '2017-02-16 19:21:40', 'CL1C2BC78B'),
(260, 6, '68', '2017-02-16 19:22:13', 'CL1C2BC78B'),
(260, 7, '20', '2017-02-16 19:22:27', 'CL1C2BC78B'),
(260, 8, '1', '2017-02-16 19:21:36', 'CL1C2BC78B'),
(260, 9, '50', '2017-02-16 18:41:13', 'CL1C2BC78B'),
(260, 10, '92', '2017-02-16 19:20:36', 'CL1C2BC78B'),
(260, 11, '89', '2017-02-16 19:21:20', 'CL1C2BC78B'),
(260, 12, '50', '2017-02-16 18:41:16', 'CL1C2BC78B'),
(260, 13, '80', '2017-02-16 19:20:15', 'CL1C2BC78B'),
(260, 14, '50', '2017-02-16 19:21:47', 'CL1C2BC78B'),
(260, 15, '50', '2017-02-16 19:20:22', 'CL1C2BC78B'),
(260, 16, '10', '2017-02-16 19:20:55', 'CL1C2BC78B'),
(260, 17, '100', '2017-02-16 19:21:55', 'CL1C2BC78B'),
(260, 18, '10', '2017-02-16 19:21:12', 'CL1C2BC78B'),
(260, 19, '33', '2017-02-16 19:21:29', 'CL1C2BC78B'),
(260, 20, '10', '2017-02-16 19:21:04', 'CL1C2BC78B'),
(260, 21, '66', '2017-02-16 19:22:01', 'CL1C2BC78B'),
(260, 22, '50', '2017-02-16 19:20:39', 'CL1C2BC78B'),
(260, 23, '50', '2017-02-16 18:41:19', 'CL1C2BC78B'),
(261, 1, '52', '2017-02-16 19:20:08', 'CL1C2BC78B'),
(261, 2, '50', '2017-02-16 19:20:13', 'CL1C2BC78B'),
(261, 3, '69', '2017-02-16 19:21:55', 'CL1C2BC78B'),
(261, 4, '17', '2017-02-16 19:20:41', 'CL1C2BC78B'),
(261, 5, '46', '2017-02-16 19:21:35', 'CL1C2BC78B'),
(261, 6, '44', '2017-02-16 19:20:52', 'CL1C2BC78B'),
(261, 7, '5', '2017-02-16 19:20:23', 'CL1C2BC78B'),
(261, 8, '3', '2017-02-16 19:20:28', 'CL1C2BC78B'),
(261, 9, '5', '2017-02-16 18:41:13', 'CL1C2BC78B'),
(261, 10, '78', '2017-02-16 19:21:31', 'CL1C2BC78B'),
(261, 11, '23', '2017-02-16 19:21:08', 'CL1C2BC78B'),
(261, 12, '17', '2017-02-16 18:41:16', 'CL1C2BC78B'),
(261, 13, '55', '2017-02-16 19:20:57', 'CL1C2BC78B'),
(261, 14, '7', '2017-02-16 19:22:07', 'CL1C2BC78B'),
(261, 15, '7', '2017-02-16 19:21:25', 'CL1C2BC78B'),
(261, 16, '80', '2017-02-16 19:21:20', 'CL1C2BC78B'),
(261, 17, '70', '2017-02-16 19:20:19', 'CL1C2BC78B'),
(261, 18, '7', '2017-02-16 19:21:03', 'CL1C2BC78B'),
(261, 19, '5', '2017-02-16 19:21:39', 'CL1C2BC78B'),
(261, 20, '8', '2017-02-16 19:20:33', 'CL1C2BC78B'),
(261, 21, '46', '2017-02-16 19:21:43', 'CL1C2BC78B'),
(261, 22, '28', '2017-02-16 19:21:15', 'CL1C2BC78B'),
(261, 23, '25', '2017-02-16 18:41:23', 'CL1C2BC78B'),
(262, 1, '40', '2017-02-16 19:20:07', 'CL1C2BC78B'),
(262, 2, '65', '2017-02-16 19:20:15', 'CL1C2BC78B'),
(262, 3, '40', '2017-02-16 19:21:19', 'CL1C2BC78B'),
(262, 4, '40', '2017-02-16 19:20:55', 'CL1C2BC78B'),
(262, 5, '70', '2017-02-16 19:23:35', 'CL1C2BC78B'),
(262, 6, '60', '2017-02-16 19:21:04', 'CL1C2BC78B'),
(262, 7, '10', '2017-02-16 19:21:56', 'CL1C2BC78B'),
(262, 8, '80', '2017-02-16 19:21:42', 'CL1C2BC78B'),
(262, 9, '30', '2017-02-16 18:42:04', 'CL1C2BC78B'),
(262, 10, '10', '2017-02-16 19:22:06', 'CL1C2BC78B'),
(262, 11, '20', '2017-02-16 19:23:29', 'CL1C2BC78B'),
(262, 12, '25', '2017-02-16 18:42:09', 'CL1C2BC78B'),
(262, 13, '70', '2017-02-16 19:22:38', 'CL1C2BC78B'),
(262, 14, '25', '2017-02-16 19:20:27', 'CL1C2BC78B'),
(262, 15, '20', '2017-02-16 19:23:18', 'CL1C2BC78B'),
(262, 16, '70', '2017-02-16 19:21:29', 'CL1C2BC78B'),
(262, 17, '70', '2017-02-16 19:22:46', 'CL1C2BC78B'),
(262, 18, '1', '2017-02-16 19:22:24', 'CL1C2BC78B'),
(262, 19, '20', '2017-02-16 19:23:05', 'CL1C2BC78B'),
(262, 20, '1', '2017-02-16 19:22:19', 'CL1C2BC78B'),
(262, 21, '60', '2017-02-16 19:22:11', 'CL1C2BC78B'),
(262, 22, '40', '2017-02-16 19:22:30', 'CL1C2BC78B'),
(262, 23, '30', '2017-02-16 18:42:16', 'CL1C2BC78B'),
(263, 1, '60', '2017-02-16 19:20:16', 'CL1C2BC78B'),
(263, 2, '68', '2017-02-16 19:22:19', 'CL1C2BC78B'),
(263, 3, '50', '2017-02-16 19:24:09', 'CL1C2BC78B'),
(263, 4, '55', '2017-02-16 19:23:39', 'CL1C2BC78B'),
(263, 5, '50', '2017-02-16 19:21:39', 'CL1C2BC78B'),
(263, 6, '55', '2017-02-16 19:21:52', 'CL1C2BC78B'),
(263, 7, '64', '2017-02-16 19:23:25', 'CL1C2BC78B'),
(263, 8, '8', '2017-02-16 19:20:43', 'CL1C2BC78B'),
(263, 9, '80', '2017-02-16 18:42:32', 'CL1C2BC78B'),
(263, 10, '70', '2017-02-16 19:21:22', 'CL1C2BC78B'),
(263, 11, '66', '2017-02-16 19:23:10', 'CL1C2BC78B'),
(263, 12, '70', '2017-02-16 18:43:07', 'CL1C2BC78B'),
(263, 13, '50', '2017-02-16 19:22:30', 'CL1C2BC78B'),
(263, 14, '70', '2017-02-16 19:24:19', 'CL1C2BC78B'),
(263, 15, '8', '2017-02-16 19:24:01', 'CL1C2BC78B'),
(263, 16, '70', '2017-02-16 19:21:09', 'CL1C2BC78B'),
(263, 17, '31', '2017-02-16 19:22:46', 'CL1C2BC78B'),
(263, 18, '50', '2017-02-16 19:20:27', 'CL1C2BC78B'),
(263, 19, '50', '2017-02-16 19:22:01', 'CL1C2BC78B'),
(263, 20, '50', '2017-02-16 19:24:23', 'CL1C2BC78B'),
(263, 21, '70', '2017-02-16 19:23:49', 'CL1C2BC78B'),
(263, 22, '31', '2017-02-16 19:21:33', 'CL1C2BC78B'),
(263, 23, '50', '2017-02-16 19:16:18', 'CL1C2BC78B'),
(264, 1, '27', '2017-02-16 19:20:19', 'CL1C2BC78B'),
(264, 2, '56', '2017-02-16 19:21:27', 'CL1C2BC78B'),
(264, 3, '50', '2017-02-16 19:20:53', 'CL1C2BC78B'),
(264, 4, '50', '2017-02-16 19:20:23', 'CL1C2BC78B'),
(264, 5, '35', '2017-02-16 19:20:26', 'CL1C2BC78B'),
(264, 6, '38', '2017-02-16 19:20:30', 'CL1C2BC78B'),
(264, 7, '11', '2017-02-16 19:21:06', 'CL1C2BC78B'),
(264, 8, '12', '2017-02-16 19:20:48', 'CL1C2BC78B'),
(264, 9, '50', '2017-02-16 18:42:42', 'CL1C2BC78B'),
(264, 10, '72', '2017-02-16 19:20:58', 'CL1C2BC78B'),
(264, 11, '82', '2017-02-16 19:21:46', 'CL1C2BC78B'),
(264, 12, '36', '2017-02-16 18:42:45', 'CL1C2BC78B'),
(264, 13, '37', '2017-02-16 19:21:02', 'CL1C2BC78B'),
(264, 14, '42', '2017-02-16 19:21:41', 'CL1C2BC78B'),
(264, 15, '43', '2017-02-16 19:21:13', 'CL1C2BC78B'),
(264, 16, '28', '2017-02-16 19:21:33', 'CL1C2BC78B'),
(264, 17, '60', '2017-02-16 19:20:39', 'CL1C2BC78B'),
(264, 18, '42', '2017-02-16 19:20:34', 'CL1C2BC78B'),
(264, 19, '6', '2017-02-16 19:21:24', 'CL1C2BC78B'),
(264, 20, '66', '2017-02-16 19:21:51', 'CL1C2BC78B'),
(264, 21, '50', '2017-02-16 19:21:36', 'CL1C2BC78B'),
(264, 22, '41', '2017-02-16 19:20:21', 'CL1C2BC78B'),
(264, 23, '39', '2017-02-16 18:42:47', 'CL1C2BC78B'),
(265, 1, '50', '2017-02-16 19:20:05', 'CL1C2BC78B'),
(265, 2, '50', '2017-02-16 19:20:52', 'CL1C2BC78B'),
(265, 3, '50', '2017-02-16 19:20:54', 'CL1C2BC78B'),
(265, 4, '50', '2017-02-16 19:20:59', 'CL1C2BC78B'),
(265, 5, '50', '2017-02-16 19:21:20', 'CL1C2BC78B'),
(265, 6, '50', '2017-02-16 19:20:56', 'CL1C2BC78B'),
(265, 7, '50', '2017-02-16 19:21:23', 'CL1C2BC78B'),
(265, 8, '50', '2017-02-16 19:21:13', 'CL1C2BC78B'),
(265, 9, '50', '2017-02-16 18:43:03', 'CL1C2BC78B'),
(265, 10, '41', '2017-02-16 19:20:25', 'CL1C2BC78B'),
(265, 11, '56', '2017-02-16 19:20:38', 'CL1C2BC78B'),
(265, 12, '50', '2017-02-16 18:43:06', 'CL1C2BC78B'),
(265, 13, '50', '2017-02-16 19:21:06', 'CL1C2BC78B'),
(265, 14, '50', '2017-02-16 19:21:21', 'CL1C2BC78B'),
(265, 15, '50', '2017-02-16 19:20:07', 'CL1C2BC78B'),
(265, 16, '50', '2017-02-16 19:20:29', 'CL1C2BC78B'),
(265, 17, '50', '2017-02-16 19:21:16', 'CL1C2BC78B'),
(265, 18, '50', '2017-02-16 19:21:22', 'CL1C2BC78B'),
(265, 19, '50', '2017-02-16 19:21:24', 'CL1C2BC78B'),
(265, 20, '50', '2017-02-16 19:21:09', 'CL1C2BC78B'),
(265, 21, '50', '2017-02-16 19:21:18', 'CL1C2BC78B'),
(265, 22, '50', '2017-02-16 19:20:49', 'CL1C2BC78B'),
(265, 23, '50', '2017-02-16 18:43:08', 'CL1C2BC78B'),
(266, 1, '29', '2017-02-16 19:19:59', 'CL1C2BC78B'),
(266, 2, '29', '2017-02-16 19:21:03', 'CL1C2BC78B'),
(266, 3, '19', '2017-02-16 19:20:28', 'CL1C2BC78B'),
(266, 4, '11', '2017-02-16 19:21:27', 'CL1C2BC78B'),
(266, 5, '37', '2017-02-16 19:20:48', 'CL1C2BC78B'),
(266, 6, '66', '2017-02-16 19:20:56', 'CL1C2BC78B'),
(266, 7, '67', '2017-02-16 19:21:11', 'CL1C2BC78B'),
(266, 8, '8', '2017-02-16 19:21:56', 'CL1C2BC78B'),
(266, 9, '50', '2017-02-16 18:43:00', 'CL1C2BC78B'),
(266, 10, '75', '2017-02-16 19:20:12', 'CL1C2BC78B'),
(266, 11, '80', '2017-02-16 19:20:22', 'CL1C2BC78B'),
(266, 12, '34', '2017-02-16 18:43:06', 'CL1C2BC78B'),
(266, 13, '49', '2017-02-16 19:20:36', 'CL1C2BC78B'),
(266, 14, '1', '2017-02-16 19:21:17', 'CL1C2BC78B'),
(266, 15, '1', '2017-02-16 19:20:03', 'CL1C2BC78B'),
(266, 16, '50', '2017-02-16 19:21:32', 'CL1C2BC78B'),
(266, 17, '50', '2017-02-16 19:21:35', 'CL1C2BC78B'),
(266, 18, '1', '2017-02-16 19:20:40', 'CL1C2BC78B'),
(266, 19, '31', '2017-02-16 19:21:46', 'CL1C2BC78B'),
(266, 20, '1', '2017-02-16 19:21:20', 'CL1C2BC78B'),
(266, 21, '33', '2017-02-16 19:20:52', 'CL1C2BC78B'),
(266, 22, '31', '2017-02-16 19:21:40', 'CL1C2BC78B'),
(266, 23, '59', '2017-02-16 18:43:11', 'CL1C2BC78B'),
(267, 1, '50', '2017-02-16 19:20:05', 'CL1C2BC78B'),
(267, 2, '50', '2017-02-16 19:20:12', 'CL1C2BC78B'),
(267, 3, '32', '2017-02-16 19:20:30', 'CL1C2BC78B'),
(267, 4, '40', '2017-02-16 19:23:05', 'CL1C2BC78B'),
(267, 5, '76', '2017-02-16 19:22:41', 'CL1C2BC78B'),
(267, 6, '50', '2017-02-16 19:22:12', 'CL1C2BC78B'),
(267, 7, '65', '2017-02-16 19:21:23', 'CL1C2BC78B'),
(267, 8, '8', '2017-02-16 19:22:19', 'CL1C2BC78B'),
(267, 9, '11', '2017-02-16 18:43:02', 'CL1C2BC78B'),
(267, 10, '20', '2017-02-16 19:22:04', 'CL1C2BC78B'),
(267, 11, '10', '2017-02-16 19:21:38', 'CL1C2BC78B'),
(267, 12, '28', '2017-02-16 18:43:10', 'CL1C2BC78B'),
(267, 13, '31', '2017-02-16 19:20:59', 'CL1C2BC78B'),
(267, 14, '24', '2017-02-16 19:21:52', 'CL1C2BC78B'),
(267, 15, '50', '2017-02-16 19:20:36', 'CL1C2BC78B'),
(267, 16, '100', '2017-02-16 19:23:15', 'CL1C2BC78B'),
(267, 17, '95', '2017-02-16 19:21:13', 'CL1C2BC78B'),
(267, 18, '5', '2017-02-16 19:22:34', 'CL1C2BC78B'),
(267, 19, '11', '2017-02-16 19:22:27', 'CL1C2BC78B'),
(267, 20, '5', '2017-02-16 19:22:50', 'CL1C2BC78B'),
(267, 21, '28', '2017-02-16 19:20:42', 'CL1C2BC78B'),
(267, 22, '30', '2017-02-16 19:21:29', 'CL1C2BC78B'),
(267, 23, '72', '2017-02-16 18:43:19', 'CL1C2BC78B'),
(268, 1, '50', '2017-02-16 19:20:33', 'CL1C2BC78B'),
(268, 2, '80', '2017-02-16 19:23:36', 'CL1C2BC78B'),
(268, 3, '50', '2017-02-16 19:20:59', 'CL1C2BC78B'),
(268, 4, '50', '2017-02-16 19:22:07', 'CL1C2BC78B'),
(268, 5, '79', '2017-02-16 19:22:52', 'CL1C2BC78B'),
(268, 6, '50', '2017-02-16 19:21:42', 'CL1C2BC78B'),
(268, 7, '11', '2017-02-16 19:20:50', 'CL1C2BC78B'),
(268, 8, '19', '2017-02-16 19:22:43', 'CL1C2BC78B'),
(268, 9, '95', '2017-02-16 18:43:10', 'CL1C2BC78B'),
(268, 10, '67', '2017-02-16 19:22:17', 'CL1C2BC78B'),
(268, 11, '68', '2017-02-16 19:21:13', 'CL1C2BC78B'),
(268, 12, '77', '2017-02-16 18:43:15', 'CL1C2BC78B'),
(268, 13, '76', '2017-02-16 19:23:46', 'CL1C2BC78B'),
(268, 14, '50', '2017-02-16 19:23:31', 'CL1C2BC78B'),
(268, 15, '7', '2017-02-16 19:22:31', 'CL1C2BC78B'),
(268, 16, '50', '2017-02-16 19:23:50', 'CL1C2BC78B'),
(268, 17, '50', '2017-02-16 19:21:27', 'CL1C2BC78B'),
(268, 18, '50', '2017-02-16 19:24:02', 'CL1C2BC78B'),
(268, 19, '74', '2017-02-16 19:21:51', 'CL1C2BC78B'),
(268, 20, '50', '2017-02-16 19:20:37', 'CL1C2BC78B'),
(268, 21, '81', '2017-02-16 19:24:07', 'CL1C2BC78B'),
(268, 22, '50', '2017-02-16 19:23:40', 'CL1C2BC78B'),
(268, 23, '10', '2017-02-16 18:43:34', 'CL1C2BC78B'),
(269, 1, '70', '2017-02-16 19:20:06', 'CL1C2BC78B'),
(269, 2, '70', '2017-02-16 19:21:40', 'CL1C2BC78B'),
(269, 3, '30', '2017-02-16 19:20:48', 'CL1C2BC78B'),
(269, 4, '56', '2017-02-16 19:22:39', 'CL1C2BC78B'),
(269, 5, '81', '2017-02-16 19:21:20', 'CL1C2BC78B'),
(269, 6, '52', '2017-02-16 19:22:14', 'CL1C2BC78B'),
(269, 7, '53', '2017-02-16 19:22:30', 'CL1C2BC78B'),
(269, 8, '66', '2017-02-16 19:22:23', 'CL1C2BC78B'),
(269, 9, '2', '2017-02-16 18:44:32', 'CL1C2BC78B'),
(269, 10, '69', '2017-02-16 19:21:52', 'CL1C2BC78B'),
(269, 11, '75', '2017-02-16 19:21:31', 'CL1C2BC78B'),
(269, 12, '7', '2017-02-16 18:44:36', 'CL1C2BC78B'),
(269, 13, '25', '2017-02-16 19:22:02', 'CL1C2BC78B'),
(269, 14, '65', '2017-02-16 19:20:30', 'CL1C2BC78B'),
(269, 15, '1', '2017-02-16 19:20:54', 'CL1C2BC78B'),
(269, 16, '95', '2017-02-16 19:22:47', 'CL1C2BC78B'),
(269, 17, '70', '2017-02-16 19:21:08', 'CL1C2BC78B'),
(269, 18, '31', '2017-02-16 19:21:02', 'CL1C2BC78B'),
(269, 19, '65', '2017-02-16 19:20:41', 'CL1C2BC78B'),
(269, 20, '1', '2017-02-16 19:21:14', 'CL1C2BC78B'),
(269, 21, '25', '2017-02-16 19:20:19', 'CL1C2BC78B'),
(269, 22, '13', '2017-02-16 19:22:09', 'CL1C2BC78B'),
(269, 23, '21', '2017-02-16 18:44:44', 'CL1C2BC78B'),
(270, 1, '93', '2017-02-16 19:19:58', 'CL1C2BC78B'),
(270, 2, '39', '2017-02-16 19:21:02', 'CL1C2BC78B'),
(270, 3, '17', '2017-02-16 19:20:12', 'CL1C2BC78B'),
(270, 4, '35', '2017-02-16 19:21:25', 'CL1C2BC78B'),
(270, 5, '77', '2017-02-16 19:21:07', 'CL1C2BC78B'),
(270, 6, '26', '2017-02-16 19:21:18', 'CL1C2BC78B'),
(270, 7, '43', '2017-02-16 19:21:42', 'CL1C2BC78B'),
(270, 8, '41', '2017-02-16 19:21:29', 'CL1C2BC78B'),
(270, 9, '86', '2017-02-16 18:44:49', 'CL1C2BC78B'),
(270, 10, '15', '2017-02-16 19:20:29', 'CL1C2BC78B'),
(270, 11, '29', '2017-02-16 19:21:35', 'CL1C2BC78B'),
(270, 12, '83', '2017-02-16 18:44:58', 'CL1C2BC78B'),
(270, 13, '95', '2017-02-16 19:20:38', 'CL1C2BC78B'),
(270, 14, '77', '2017-02-16 19:20:21', 'CL1C2BC78B'),
(270, 15, '28', '2017-02-16 19:22:15', 'CL1C2BC78B'),
(270, 16, '2', '2017-02-16 19:21:53', 'CL1C2BC78B'),
(270, 17, '91', '2017-02-16 19:22:09', 'CL1C2BC78B'),
(270, 18, '1', '2017-02-16 19:21:48', 'CL1C2BC78B'),
(270, 19, '65', '2017-02-16 19:22:04', 'CL1C2BC78B'),
(270, 20, '1', '2017-02-16 19:21:14', 'CL1C2BC78B'),
(270, 21, '67', '2017-02-16 19:21:56', 'CL1C2BC78B'),
(270, 22, '8', '2017-02-16 19:20:52', 'CL1C2BC78B'),
(270, 23, '28', '2017-02-16 18:45:03', 'CL1C2BC78B'),
(271, 1, '50', '2017-02-16 19:19:59', 'CL1C2BC78B'),
(271, 2, '79', '2017-02-16 19:22:22', 'CL1C2BC78B'),
(271, 3, '53', '2017-02-16 19:20:27', 'CL1C2BC78B'),
(271, 4, '84', '2017-02-16 19:22:42', 'CL1C2BC78B'),
(271, 5, '69', '2017-02-16 19:20:14', 'CL1C2BC78B'),
(271, 6, '50', '2017-02-16 19:23:01', 'CL1C2BC78B'),
(271, 7, '7', '2017-02-16 19:22:32', 'CL1C2BC78B'),
(271, 8, '41', '2017-02-16 19:21:15', 'CL1C2BC78B'),
(271, 9, '87', '2017-02-16 18:45:07', 'CL1C2BC78B'),
(271, 10, '54', '2017-02-16 19:20:43', 'CL1C2BC78B'),
(271, 11, '18', '2017-02-16 19:22:13', 'CL1C2BC78B'),
(271, 12, '50', '2017-02-16 18:45:10', 'CL1C2BC78B'),
(271, 13, '34', '2017-02-16 19:23:37', 'CL1C2BC78B'),
(271, 14, '13', '2017-02-16 19:21:45', 'CL1C2BC78B'),
(271, 15, '50', '2017-02-16 19:23:45', 'CL1C2BC78B'),
(271, 16, '25', '2017-02-16 19:20:57', 'CL1C2BC78B'),
(271, 17, '88', '2017-02-16 19:22:51', 'CL1C2BC78B'),
(271, 18, '6', '2017-02-16 19:21:55', 'CL1C2BC78B'),
(271, 19, '34', '2017-02-16 19:21:08', 'CL1C2BC78B'),
(271, 20, '7', '2017-02-16 19:22:02', 'CL1C2BC78B'),
(271, 21, '73', '2017-02-16 19:20:19', 'CL1C2BC78B'),
(271, 22, '47', '2017-02-16 19:21:27', 'CL1C2BC78B'),
(271, 23, '51', '2017-02-16 18:45:15', 'CL1C2BC78B'),
(272, 1, '64', '2017-02-16 19:20:06', 'CL1C2BC78B'),
(272, 2, '84', '2017-02-16 19:22:07', 'CL1C2BC78B'),
(272, 3, '50', '2017-02-16 19:21:05', 'CL1C2BC78B'),
(272, 4, '52', '2017-02-16 19:20:18', 'CL1C2BC78B'),
(272, 5, '100', '2017-02-16 19:22:46', 'CL1C2BC78B'),
(272, 6, '68', '2017-02-16 19:23:40', 'CL1C2BC78B'),
(272, 7, '1', '2017-02-16 19:21:29', 'CL1C2BC78B'),
(272, 8, '1', '2017-02-16 19:23:20', 'CL1C2BC78B'),
(272, 9, '100', '2017-02-16 18:45:59', 'CL1C2BC78B'),
(272, 10, '85', '2017-02-16 19:21:19', 'CL1C2BC78B'),
(272, 11, '11', '2017-02-16 19:20:32', 'CL1C2BC78B'),
(272, 12, '100', '2017-02-16 18:46:17', 'CL1C2BC78B'),
(272, 13, '84', '2017-02-16 19:23:11', 'CL1C2BC78B'),
(272, 14, '1', '2017-02-16 19:23:30', 'CL1C2BC78B'),
(272, 15, '1', '2017-02-16 19:20:56', 'CL1C2BC78B'),
(272, 16, '100', '2017-02-16 19:22:30', 'CL1C2BC78B'),
(272, 17, '100', '2017-02-16 19:23:52', 'CL1C2BC78B'),
(272, 18, '1', '2017-02-16 19:22:23', 'CL1C2BC78B'),
(272, 19, '1', '2017-02-16 19:21:55', 'CL1C2BC78B'),
(272, 20, '1', '2017-02-16 19:22:39', 'CL1C2BC78B'),
(272, 21, '79', '2017-02-16 19:21:38', 'CL1C2BC78B'),
(272, 22, '100', '2017-02-16 19:20:41', 'CL1C2BC78B'),
(272, 23, '1', '2017-02-16 18:46:28', 'CL1C2BC78B'),
(275, 1, '40', '2017-02-22 13:30:36', 'CLC6C0CF4C'),
(275, 2, '59', '2017-02-22 13:31:39', 'CLC6C0CF4C'),
(275, 3, '50', '2017-02-22 13:32:26', 'CLC6C0CF4C'),
(275, 4, '10', '2017-02-22 13:31:11', 'CLC6C0CF4C'),
(275, 5, '28', '2017-02-22 13:31:55', 'CLC6C0CF4C'),
(275, 6, '61', '2017-02-22 13:30:58', 'CLC6C0CF4C'),
(275, 7, '25', '2017-02-22 13:31:04', 'CLC6C0CF4C'),
(275, 8, '12', '2017-02-22 13:32:15', 'CLC6C0CF4C'),
(275, 9, '60', '2017-02-22 13:06:40', 'CLC6C0CF4C'),
(275, 10, '30', '2017-02-22 13:31:29', 'CLC6C0CF4C'),
(275, 11, '60', '2017-02-22 13:30:46', 'CLC6C0CF4C'),
(275, 12, '75', '2017-02-22 13:06:47', 'CLC6C0CF4C'),
(275, 13, '70', '2017-02-22 13:32:24', 'CLC6C0CF4C'),
(275, 14, '1', '2017-02-22 13:32:09', 'CLC6C0CF4C'),
(275, 15, '7', '2017-02-22 13:32:03', 'CLC6C0CF4C'),
(275, 16, '1', '2017-02-22 13:31:49', 'CLC6C0CF4C'),
(275, 17, '79', '2017-02-22 13:31:45', 'CLC6C0CF4C'),
(275, 18, '4', '2017-02-22 13:30:54', 'CLC6C0CF4C'),
(275, 19, '1', '2017-02-22 13:31:58', 'CLC6C0CF4C'),
(275, 20, '1', '2017-02-22 13:32:30', 'CLC6C0CF4C'),
(275, 21, '64', '2017-02-22 13:31:18', 'CLC6C0CF4C'),
(275, 22, '50', '2017-02-22 13:31:24', 'CLC6C0CF4C'),
(275, 23, '70', '2017-02-22 13:06:58', 'CLC6C0CF4C'),
(276, 1, '28', '2017-02-22 13:30:58', 'CLC6C0CF4C'),
(276, 2, '20', '2017-02-22 13:32:33', 'CLC6C0CF4C'),
(276, 3, '40', '2017-02-22 13:32:37', 'CLC6C0CF4C'),
(276, 4, '38', '2017-02-22 13:31:51', 'CLC6C0CF4C'),
(276, 5, '8', '2017-02-22 13:32:13', 'CLC6C0CF4C'),
(276, 6, '86', '2017-02-22 13:31:19', 'CLC6C0CF4C'),
(276, 7, '5', '2017-02-22 13:33:11', 'CLC6C0CF4C'),
(276, 8, '4', '2017-02-22 13:32:52', 'CLC6C0CF4C'),
(276, 9, '50', '2017-02-22 13:07:37', 'CLC6C0CF4C'),
(276, 10, '90', '2017-02-22 13:31:45', 'CLC6C0CF4C'),
(276, 11, '87', '2017-02-22 13:31:57', 'CLC6C0CF4C'),
(276, 12, '50', '2017-02-22 13:07:41', 'CLC6C0CF4C'),
(276, 13, '17', '2017-02-22 13:32:58', 'CLC6C0CF4C'),
(276, 14, '9', '2017-02-22 13:31:04', 'CLC6C0CF4C'),
(276, 15, '7', '2017-02-22 13:32:43', 'CLC6C0CF4C'),
(276, 16, '5', '2017-02-22 13:32:47', 'CLC6C0CF4C'),
(276, 17, '18', '2017-02-22 13:32:23', 'CLC6C0CF4C'),
(276, 18, '8', '2017-02-22 13:31:10', 'CLC6C0CF4C'),
(276, 19, '8', '2017-02-22 13:31:29', 'CLC6C0CF4C'),
(276, 20, '10', '2017-02-22 13:33:05', 'CLC6C0CF4C'),
(276, 21, '54', '2017-02-22 13:31:35', 'CLC6C0CF4C'),
(276, 22, '54', '2017-02-22 13:32:03', 'CLC6C0CF4C'),
(276, 23, '50', '2017-02-22 13:07:48', 'CLC6C0CF4C'),
(277, 1, '35', '2017-02-22 13:30:46', 'CLC6C0CF4C'),
(277, 2, '20', '2017-02-22 13:32:22', 'CLC6C0CF4C'),
(277, 3, '7', '2017-02-22 13:34:28', 'CLC6C0CF4C'),
(277, 4, '50', '2017-02-22 13:35:26', 'CLC6C0CF4C'),
(277, 5, '25', '2017-02-22 13:34:54', 'CLC6C0CF4C'),
(277, 6, '65', '2017-02-22 13:35:40', 'CLC6C0CF4C'),
(277, 7, '8', '2017-02-22 13:34:16', 'CLC6C0CF4C'),
(277, 8, '1', '2017-02-22 13:35:48', 'CLC6C0CF4C'),
(277, 9, '62', '2017-02-22 13:07:50', 'CLC6C0CF4C'),
(277, 10, '90', '2017-02-22 13:32:32', 'CLC6C0CF4C'),
(277, 11, '55', '2017-02-22 13:31:42', 'CLC6C0CF4C'),
(277, 12, '68', '2017-02-22 13:08:06', 'CLC6C0CF4C'),
(277, 13, '12', '2017-02-22 13:33:18', 'CLC6C0CF4C'),
(277, 14, '10', '2017-02-22 13:32:07', 'CLC6C0CF4C'),
(277, 15, '1', '2017-02-22 13:35:11', 'CLC6C0CF4C'),
(277, 16, '1', '2017-02-22 13:34:07', 'CLC6C0CF4C'),
(277, 17, '95', '2017-02-22 13:33:36', 'CLC6C0CF4C'),
(277, 18, '1', '2017-02-22 13:33:55', 'CLC6C0CF4C'),
(277, 19, '20', '2017-02-22 13:34:42', 'CLC6C0CF4C'),
(277, 20, '1', '2017-02-22 13:30:55', 'CLC6C0CF4C'),
(277, 21, '59', '2017-02-22 13:31:10', 'CLC6C0CF4C'),
(277, 22, '67', '2017-02-22 13:35:01', 'CLC6C0CF4C'),
(277, 23, '7', '2017-02-22 13:08:14', 'CLC6C0CF4C'),
(278, 1, '26', '2017-02-22 13:30:29', 'CLC6C0CF4C'),
(278, 2, '56', '2017-02-22 13:34:12', 'CLC6C0CF4C'),
(278, 3, '9', '2017-02-22 13:34:33', 'CLC6C0CF4C'),
(278, 4, '33', '2017-02-22 13:34:25', 'CLC6C0CF4C'),
(278, 5, '20', '2017-02-22 13:33:39', 'CLC6C0CF4C'),
(278, 6, '90', '2017-02-22 13:32:41', 'CLC6C0CF4C'),
(278, 7, '8', '2017-02-22 13:31:11', 'CLC6C0CF4C'),
(278, 8, '33', '2017-02-22 13:30:42', 'CLC6C0CF4C'),
(278, 9, '91', '2017-02-22 13:07:56', 'CLC6C0CF4C'),
(278, 10, '73', '2017-02-22 13:35:44', 'CLC6C0CF4C'),
(278, 11, '70', '2017-02-22 13:33:23', 'CLC6C0CF4C'),
(278, 12, '91', '2017-02-22 13:08:05', 'CLC6C0CF4C'),
(278, 13, '50', '2017-02-22 13:31:52', 'CLC6C0CF4C'),
(278, 14, '58', '2017-02-22 13:32:35', 'CLC6C0CF4C'),
(278, 15, '62', '2017-02-22 13:34:41', 'CLC6C0CF4C'),
(278, 16, '69', '2017-02-22 13:31:45', 'CLC6C0CF4C'),
(278, 17, '69', '2017-02-22 13:30:49', 'CLC6C0CF4C'),
(278, 18, '32', '2017-02-22 13:32:01', 'CLC6C0CF4C'),
(278, 19, '18', '2017-02-22 13:31:32', 'CLC6C0CF4C'),
(278, 20, '50', '2017-02-22 13:33:27', 'CLC6C0CF4C'),
(278, 21, '93', '2017-02-22 13:31:39', 'CLC6C0CF4C'),
(278, 22, '91', '2017-02-22 13:34:18', 'CLC6C0CF4C'),
(278, 23, '13', '2017-02-22 13:08:14', 'CLC6C0CF4C'),
(279, 1, '50', '2017-02-22 13:30:14', 'CLC6C0CF4C'),
(279, 2, '77', '2017-02-22 13:31:14', 'CLC6C0CF4C'),
(279, 3, '73', '2017-02-22 13:30:41', 'CLC6C0CF4C'),
(279, 4, '24', '2017-02-22 13:32:32', 'CLC6C0CF4C'),
(279, 5, '29', '2017-02-22 13:31:40', 'CLC6C0CF4C'),
(279, 6, '22', '2017-02-22 13:32:53', 'CLC6C0CF4C'),
(279, 7, '50', '2017-02-22 13:30:27', 'CLC6C0CF4C'),
(279, 8, '69', '2017-02-22 13:33:15', 'CLC6C0CF4C'),
(279, 9, '80', '2017-02-22 13:08:50', 'CLC6C0CF4C'),
(279, 10, '57', '2017-02-22 13:31:49', 'CLC6C0CF4C'),
(279, 11, '15', '2017-02-22 13:31:56', 'CLC6C0CF4C'),
(279, 12, '82', '2017-02-22 13:09:02', 'CLC6C0CF4C'),
(279, 13, '50', '2017-02-22 13:30:33', 'CLC6C0CF4C'),
(279, 14, '11', '2017-02-22 13:32:46', 'CLC6C0CF4C'),
(279, 15, '15', '2017-02-22 13:31:32', 'CLC6C0CF4C'),
(279, 16, '91', '2017-02-22 13:32:24', 'CLC6C0CF4C'),
(279, 17, '85', '2017-02-22 13:32:17', 'CLC6C0CF4C'),
(279, 18, '8', '2017-02-22 13:31:02', 'CLC6C0CF4C'),
(279, 19, '4', '2017-02-22 13:33:04', 'CLC6C0CF4C'),
(279, 20, '8', '2017-02-22 13:30:49', 'CLC6C0CF4C'),
(279, 21, '85', '2017-02-22 13:30:21', 'CLC6C0CF4C'),
(279, 22, '73', '2017-02-22 13:32:38', 'CLC6C0CF4C'),
(279, 23, '50', '2017-02-22 13:09:13', 'CLC6C0CF4C'),
(280, 1, '28', '2017-02-22 13:33:46', 'CLC6C0CF4C'),
(280, 2, '71', '2017-02-22 13:36:16', 'CLC6C0CF4C'),
(280, 3, '68', '2017-02-22 13:39:09', 'CLC6C0CF4C'),
(280, 4, '60', '2017-02-22 13:34:33', 'CLC6C0CF4C'),
(280, 5, '71', '2017-02-22 13:36:01', 'CLC6C0CF4C'),
(280, 6, '70', '2017-02-22 13:38:24', 'CLC6C0CF4C'),
(280, 7, '15', '2017-02-22 13:37:26', 'CLC6C0CF4C'),
(280, 8, '1', '2017-02-22 13:35:34', 'CLC6C0CF4C'),
(280, 9, '89', '2017-02-22 13:09:19', 'CLC6C0CF4C'),
(280, 10, '75', '2017-02-22 13:34:58', 'CLC6C0CF4C'),
(280, 11, '67', '2017-02-22 13:38:33', 'CLC6C0CF4C'),
(280, 12, '62', '2017-02-22 13:09:38', 'CLC6C0CF4C'),
(280, 13, '35', '2017-02-22 13:37:58', 'CLC6C0CF4C'),
(280, 14, '33', '2017-02-22 13:38:49', 'CLC6C0CF4C'),
(280, 15, '72', '2017-02-22 13:38:15', 'CLC6C0CF4C'),
(280, 16, '72', '2017-02-22 13:35:51', 'CLC6C0CF4C'),
(280, 17, '71', '2017-02-22 13:36:58', 'CLC6C0CF4C'),
(280, 18, '74', '2017-02-22 13:39:19', 'CLC6C0CF4C'),
(280, 19, '39', '2017-02-22 13:36:46', 'CLC6C0CF4C'),
(280, 20, '59', '2017-02-22 13:37:43', 'CLC6C0CF4C'),
(280, 21, '59', '2017-02-22 13:34:01', 'CLC6C0CF4C'),
(280, 22, '67', '2017-02-22 13:39:15', 'CLC6C0CF4C'),
(280, 23, '71', '2017-02-22 13:09:54', 'CLC6C0CF4C'),
(281, 1, '29', '2017-02-22 13:30:31', 'CLC6C0CF4C'),
(281, 2, '34', '2017-02-22 13:32:18', 'CLC6C0CF4C'),
(281, 3, '11', '2017-02-22 13:31:37', 'CLC6C0CF4C'),
(281, 4, '28', '2017-02-22 13:32:46', 'CLC6C0CF4C'),
(281, 5, '31', '2017-02-22 13:31:52', 'CLC6C0CF4C'),
(281, 6, '57', '2017-02-22 13:31:41', 'CLC6C0CF4C'),
(281, 7, '1', '2017-02-22 13:31:09', 'CLC6C0CF4C'),
(281, 8, '1', '2017-02-22 13:30:38', 'CLC6C0CF4C'),
(281, 9, '74', '2017-02-22 13:09:02', 'CLC6C0CF4C'),
(281, 10, '93', '2017-02-22 13:31:17', 'CLC6C0CF4C'),
(281, 11, '64', '2017-02-22 13:32:05', 'CLC6C0CF4C'),
(281, 12, '8', '2017-02-22 13:09:08', 'CLC6C0CF4C'),
(281, 13, '21', '2017-02-22 13:31:33', 'CLC6C0CF4C'),
(281, 14, '10', '2017-02-22 13:31:47', 'CLC6C0CF4C'),
(281, 15, '1', '2017-02-22 13:32:52', 'CLC6C0CF4C'),
(281, 16, '1', '2017-02-22 13:32:10', 'CLC6C0CF4C'),
(281, 17, '63', '2017-02-22 13:31:04', 'CLC6C0CF4C'),
(281, 18, '11', '2017-02-22 13:32:25', 'CLC6C0CF4C'),
(281, 19, '4', '2017-02-22 13:32:40', 'CLC6C0CF4C'),
(281, 20, '1', '2017-02-22 13:30:46', 'CLC6C0CF4C'),
(281, 21, '66', '2017-02-22 13:32:33', 'CLC6C0CF4C'),
(281, 22, '68', '2017-02-22 13:30:53', 'CLC6C0CF4C'),
(281, 23, '20', '2017-02-22 13:09:12', 'CLC6C0CF4C'),
(282, 1, '58', '2017-02-22 13:30:28', 'CLC6C0CF4C'),
(282, 2, '58', '2017-02-22 13:31:46', 'CLC6C0CF4C'),
(282, 3, '55', '2017-02-22 13:33:01', 'CLC6C0CF4C');
INSERT INTO `answers` (`id_user`, `id_question`, `answered_value`, `date`, `classID`) VALUES
(282, 4, '61', '2017-02-22 13:31:31', 'CLC6C0CF4C'),
(282, 5, '61', '2017-02-22 13:31:14', 'CLC6C0CF4C'),
(282, 6, '65', '2017-02-22 13:32:33', 'CLC6C0CF4C'),
(282, 7, '50', '2017-02-22 13:31:24', 'CLC6C0CF4C'),
(282, 8, '58', '2017-02-22 13:31:51', 'CLC6C0CF4C'),
(282, 9, '61', '2017-02-22 13:09:13', 'CLC6C0CF4C'),
(282, 10, '58', '2017-02-22 13:32:28', 'CLC6C0CF4C'),
(282, 11, '44', '2017-02-22 13:32:04', 'CLC6C0CF4C'),
(282, 12, '51', '2017-02-22 13:09:26', 'CLC6C0CF4C'),
(282, 13, '62', '2017-02-22 13:31:08', 'CLC6C0CF4C'),
(282, 14, '60', '2017-02-22 13:32:55', 'CLC6C0CF4C'),
(282, 15, '59', '2017-02-22 13:30:33', 'CLC6C0CF4C'),
(282, 16, '62', '2017-02-22 13:30:51', 'CLC6C0CF4C'),
(282, 17, '57', '2017-02-22 13:32:21', 'CLC6C0CF4C'),
(282, 18, '64', '2017-02-22 13:31:00', 'CLC6C0CF4C'),
(282, 19, '50', '2017-02-22 13:30:46', 'CLC6C0CF4C'),
(282, 20, '54', '2017-02-22 13:33:07', 'CLC6C0CF4C'),
(282, 21, '61', '2017-02-22 13:33:12', 'CLC6C0CF4C'),
(282, 22, '64', '2017-02-22 13:32:42', 'CLC6C0CF4C'),
(282, 23, '59', '2017-02-22 13:09:32', 'CLC6C0CF4C'),
(283, 1, '65', '2017-02-22 13:31:01', 'CLC6C0CF4C'),
(283, 2, '75', '2017-02-22 13:33:16', 'CLC6C0CF4C'),
(283, 3, '50', '2017-02-22 13:31:52', 'CLC6C0CF4C'),
(283, 4, '50', '2017-02-22 13:33:04', 'CLC6C0CF4C'),
(283, 5, '50', '2017-02-22 13:34:02', 'CLC6C0CF4C'),
(283, 6, '50', '2017-02-22 13:33:49', 'CLC6C0CF4C'),
(283, 7, '9', '2017-02-22 13:33:44', 'CLC6C0CF4C'),
(283, 8, '9', '2017-02-22 13:32:14', 'CLC6C0CF4C'),
(283, 9, '80', '2017-02-22 13:09:32', 'CLC6C0CF4C'),
(283, 10, '80', '2017-02-22 13:31:45', 'CLC6C0CF4C'),
(283, 11, '15', '2017-02-22 13:32:38', 'CLC6C0CF4C'),
(283, 12, '85', '2017-02-22 13:09:44', 'CLC6C0CF4C'),
(283, 13, '75', '2017-02-22 13:31:22', 'CLC6C0CF4C'),
(283, 14, '9', '2017-02-22 13:34:32', 'CLC6C0CF4C'),
(283, 15, '50', '2017-02-22 13:33:33', 'CLC6C0CF4C'),
(283, 16, '15', '2017-02-22 13:32:53', 'CLC6C0CF4C'),
(283, 17, '50', '2017-02-22 13:33:20', 'CLC6C0CF4C'),
(283, 18, '50', '2017-02-22 13:33:30', 'CLC6C0CF4C'),
(283, 19, '50', '2017-02-22 13:33:56', 'CLC6C0CF4C'),
(283, 20, '50', '2017-02-22 13:34:19', 'CLC6C0CF4C'),
(283, 21, '50', '2017-02-22 13:33:25', 'CLC6C0CF4C'),
(283, 22, '80', '2017-02-22 13:34:12', 'CLC6C0CF4C'),
(283, 23, '20', '2017-02-22 13:09:57', 'CLC6C0CF4C'),
(284, 1, '37', '2017-02-22 13:30:18', 'CLC6C0CF4C'),
(284, 2, '58', '2017-02-22 13:32:11', 'CLC6C0CF4C'),
(284, 3, '28', '2017-02-22 13:30:27', 'CLC6C0CF4C'),
(284, 4, '40', '2017-02-22 13:32:36', 'CLC6C0CF4C'),
(284, 5, '45', '2017-02-22 13:31:38', 'CLC6C0CF4C'),
(284, 6, '66', '2017-02-22 13:31:08', 'CLC6C0CF4C'),
(284, 7, '1', '2017-02-22 13:32:47', 'CLC6C0CF4C'),
(284, 8, '8', '2017-02-22 13:30:36', 'CLC6C0CF4C'),
(284, 9, '79', '2017-02-22 13:09:16', 'CLC6C0CF4C'),
(284, 10, '87', '2017-02-22 13:32:18', 'CLC6C0CF4C'),
(284, 11, '78', '2017-02-22 13:30:42', 'CLC6C0CF4C'),
(284, 12, '50', '2017-02-22 13:09:22', 'CLC6C0CF4C'),
(284, 13, '69', '2017-02-22 13:31:49', 'CLC6C0CF4C'),
(284, 14, '5', '2017-02-22 13:31:17', 'CLC6C0CF4C'),
(284, 15, '8', '2017-02-22 13:31:28', 'CLC6C0CF4C'),
(284, 16, '71', '2017-02-22 13:31:56', 'CLC6C0CF4C'),
(284, 17, '76', '2017-02-22 13:30:50', 'CLC6C0CF4C'),
(284, 18, '8', '2017-02-22 13:32:22', 'CLC6C0CF4C'),
(284, 19, '5', '2017-02-22 13:32:02', 'CLC6C0CF4C'),
(284, 20, '6', '2017-02-22 13:32:25', 'CLC6C0CF4C'),
(284, 21, '69', '2017-02-22 13:32:29', 'CLC6C0CF4C'),
(284, 22, '50', '2017-02-22 13:32:50', 'CLC6C0CF4C'),
(284, 23, '28', '2017-02-22 13:09:25', 'CLC6C0CF4C'),
(285, 1, '70', '2017-02-22 13:30:34', 'CLC6C0CF4C'),
(285, 2, '71', '2017-02-22 13:31:54', 'CLC6C0CF4C'),
(285, 3, '50', '2017-02-22 13:31:58', 'CLC6C0CF4C'),
(285, 4, '38', '2017-02-22 13:33:09', 'CLC6C0CF4C'),
(285, 5, '67', '2017-02-22 13:32:16', 'CLC6C0CF4C'),
(285, 6, '65', '2017-02-22 13:31:08', 'CLC6C0CF4C'),
(285, 7, '7', '2017-02-22 13:35:41', 'CLC6C0CF4C'),
(285, 8, '8', '2017-02-22 13:31:39', 'CLC6C0CF4C'),
(285, 9, '92', '2017-02-22 13:09:45', 'CLC6C0CF4C'),
(285, 10, '50', '2017-02-22 13:34:58', 'CLC6C0CF4C'),
(285, 11, '28', '2017-02-22 13:33:19', 'CLC6C0CF4C'),
(285, 12, '88', '2017-02-22 13:09:50', 'CLC6C0CF4C'),
(285, 13, '50', '2017-02-22 13:35:17', 'CLC6C0CF4C'),
(285, 14, '50', '2017-02-22 13:33:56', 'CLC6C0CF4C'),
(285, 15, '70', '2017-02-22 13:30:49', 'CLC6C0CF4C'),
(285, 16, '67', '2017-02-22 13:32:45', 'CLC6C0CF4C'),
(285, 17, '64', '2017-02-22 13:33:41', 'CLC6C0CF4C'),
(285, 18, '50', '2017-02-22 13:34:15', 'CLC6C0CF4C'),
(285, 19, '65', '2017-02-22 13:32:35', 'CLC6C0CF4C'),
(285, 20, '50', '2017-02-22 13:34:24', 'CLC6C0CF4C'),
(285, 21, '70', '2017-02-22 13:35:27', 'CLC6C0CF4C'),
(285, 22, '75', '2017-02-22 13:32:54', 'CLC6C0CF4C'),
(285, 23, '65', '2017-02-22 13:09:56', 'CLC6C0CF4C'),
(286, 1, '40', '2017-02-23 19:17:03', 'CLB8E36443'),
(286, 2, '60', '2017-02-23 19:19:29', 'CLB8E36443'),
(286, 3, '20', '2017-02-23 19:18:15', 'CLB8E36443'),
(286, 4, '40', '2017-02-23 19:20:20', 'CLB8E36443'),
(286, 5, '50', '2017-02-23 19:19:33', 'CLB8E36443'),
(286, 6, '75', '2017-02-23 19:20:00', 'CLB8E36443'),
(286, 7, '10', '2017-02-23 19:18:51', 'CLB8E36443'),
(286, 8, '20', '2017-02-23 19:17:10', 'CLB8E36443'),
(286, 9, '60', '2017-02-23 18:39:39', 'CLB8E36443'),
(286, 10, '32', '2017-02-23 19:19:53', 'CLB8E36443'),
(286, 11, '60', '2017-02-23 19:17:53', 'CLB8E36443'),
(286, 12, '40', '2017-02-23 18:39:43', 'CLB8E36443'),
(286, 13, '60', '2017-02-23 19:17:22', 'CLB8E36443'),
(286, 14, '60', '2017-02-23 19:17:36', 'CLB8E36443'),
(286, 15, '26', '2017-02-23 19:19:06', 'CLB8E36443'),
(286, 16, '60', '2017-02-23 19:18:04', 'CLB8E36443'),
(286, 17, '39', '2017-02-23 19:18:40', 'CLB8E36443'),
(286, 18, '70', '2017-02-23 19:18:31', 'CLB8E36443'),
(286, 19, '73', '2017-02-23 19:20:07', 'CLB8E36443'),
(286, 20, '60', '2017-02-23 19:17:47', 'CLB8E36443'),
(286, 21, '70', '2017-02-23 19:18:20', 'CLB8E36443'),
(286, 22, '90', '2017-02-23 19:18:58', 'CLB8E36443'),
(286, 23, '65', '2017-02-23 18:39:47', 'CLB8E36443'),
(287, 1, '30', '2017-02-23 19:16:58', 'CLB8E36443'),
(287, 2, '36', '2017-02-23 19:18:17', 'CLB8E36443'),
(287, 3, '1', '2017-02-23 19:17:25', 'CLB8E36443'),
(287, 4, '34', '2017-02-23 19:18:27', 'CLB8E36443'),
(287, 5, '27', '2017-02-23 19:17:41', 'CLB8E36443'),
(287, 6, '100', '2017-02-23 19:17:33', 'CLB8E36443'),
(287, 7, '50', '2017-02-23 19:17:54', 'CLB8E36443'),
(287, 8, '21', '2017-02-23 19:17:08', 'CLB8E36443'),
(287, 9, '68', '2017-02-23 18:38:58', 'CLB8E36443'),
(287, 10, '100', '2017-02-23 19:19:01', 'CLB8E36443'),
(287, 11, '100', '2017-02-23 19:18:00', 'CLB8E36443'),
(287, 12, '50', '2017-02-23 18:39:01', 'CLB8E36443'),
(287, 13, '68', '2017-02-23 19:18:08', 'CLB8E36443'),
(287, 14, '34', '2017-02-23 19:18:35', 'CLB8E36443'),
(287, 15, '33', '2017-02-23 19:18:52', 'CLB8E36443'),
(287, 16, '77', '2017-02-23 19:17:50', 'CLB8E36443'),
(287, 17, '50', '2017-02-23 19:17:19', 'CLB8E36443'),
(287, 18, '50', '2017-02-23 19:18:45', 'CLB8E36443'),
(287, 19, '50', '2017-02-23 19:17:00', 'CLB8E36443'),
(287, 20, '1', '2017-02-23 19:17:14', 'CLB8E36443'),
(287, 21, '74', '2017-02-23 19:18:21', 'CLB8E36443'),
(287, 22, '50', '2017-02-23 19:18:55', 'CLB8E36443'),
(287, 23, '50', '2017-02-23 18:39:04', 'CLB8E36443'),
(288, 1, '29', '2017-02-23 19:16:59', 'CLB8E36443'),
(288, 2, '24', '2017-02-23 19:17:57', 'CLB8E36443'),
(288, 3, '14', '2017-02-23 19:18:25', 'CLB8E36443'),
(288, 4, '21', '2017-02-23 19:17:52', 'CLB8E36443'),
(288, 5, '27', '2017-02-23 19:18:29', 'CLB8E36443'),
(288, 6, '70', '2017-02-23 19:17:34', 'CLB8E36443'),
(288, 7, '7', '2017-02-23 19:18:01', 'CLB8E36443'),
(288, 8, '5', '2017-02-23 19:17:08', 'CLB8E36443'),
(288, 9, '54', '2017-02-23 18:39:00', 'CLB8E36443'),
(288, 10, '69', '2017-02-23 19:17:39', 'CLB8E36443'),
(288, 11, '60', '2017-02-23 19:18:06', 'CLB8E36443'),
(288, 12, '63', '2017-02-23 18:39:08', 'CLB8E36443'),
(288, 13, '61', '2017-02-23 19:17:17', 'CLB8E36443'),
(288, 14, '7', '2017-02-23 19:17:46', 'CLB8E36443'),
(288, 15, '5', '2017-02-23 19:18:10', 'CLB8E36443'),
(288, 16, '72', '2017-02-23 19:18:20', 'CLB8E36443'),
(288, 17, '60', '2017-02-23 19:17:03', 'CLB8E36443'),
(288, 18, '63', '2017-02-23 19:17:26', 'CLB8E36443'),
(288, 19, '4', '2017-02-23 19:17:12', 'CLB8E36443'),
(288, 20, '13', '2017-02-23 19:18:14', 'CLB8E36443'),
(288, 21, '65', '2017-02-23 19:17:22', 'CLB8E36443'),
(288, 22, '58', '2017-02-23 19:18:32', 'CLB8E36443'),
(288, 23, '28', '2017-02-23 18:39:13', 'CLB8E36443'),
(289, 1, '49', '2017-02-23 19:16:57', 'CLB8E36443'),
(289, 2, '28', '2017-02-23 19:17:42', 'CLB8E36443'),
(289, 3, '17', '2017-02-23 19:17:24', 'CLB8E36443'),
(289, 4, '38', '2017-02-23 19:18:14', 'CLB8E36443'),
(289, 5, '50', '2017-02-23 19:18:07', 'CLB8E36443'),
(289, 6, '98', '2017-02-23 19:17:38', 'CLB8E36443'),
(289, 7, '4', '2017-02-23 19:17:20', 'CLB8E36443'),
(289, 8, '3', '2017-02-23 19:17:51', 'CLB8E36443'),
(289, 9, '50', '2017-02-23 18:38:58', 'CLB8E36443'),
(289, 10, '65', '2017-02-23 19:17:56', 'CLB8E36443'),
(289, 11, '75', '2017-02-23 19:17:16', 'CLB8E36443'),
(289, 12, '81', '2017-02-23 18:39:01', 'CLB8E36443'),
(289, 13, '40', '2017-02-23 19:17:13', 'CLB8E36443'),
(289, 14, '74', '2017-02-23 19:17:33', 'CLB8E36443'),
(289, 15, '64', '2017-02-23 19:18:16', 'CLB8E36443'),
(289, 16, '82', '2017-02-23 19:17:27', 'CLB8E36443'),
(289, 17, '66', '2017-02-23 19:17:09', 'CLB8E36443'),
(289, 18, '73', '2017-02-23 19:18:01', 'CLB8E36443'),
(289, 19, '42', '2017-02-23 19:18:24', 'CLB8E36443'),
(289, 20, '60', '2017-02-23 19:17:04', 'CLB8E36443'),
(289, 21, '78', '2017-02-23 19:18:29', 'CLB8E36443'),
(289, 22, '50', '2017-02-23 19:17:45', 'CLB8E36443'),
(289, 23, '36', '2017-02-23 18:39:04', 'CLB8E36443'),
(290, 1, '33', '2017-02-23 19:17:06', 'CLB8E36443'),
(290, 2, '65', '2017-02-23 19:18:45', 'CLB8E36443'),
(290, 3, '5', '2017-02-23 19:18:25', 'CLB8E36443'),
(290, 4, '37', '2017-02-23 19:17:19', 'CLB8E36443'),
(290, 5, '28', '2017-02-23 19:18:01', 'CLB8E36443'),
(290, 6, '22', '2017-02-23 19:17:10', 'CLB8E36443'),
(290, 7, '79', '2017-02-23 19:18:58', 'CLB8E36443'),
(290, 8, '81', '2017-02-23 19:17:49', 'CLB8E36443'),
(290, 9, '32', '2017-02-23 18:39:03', 'CLB8E36443'),
(290, 10, '74', '2017-02-23 19:18:12', 'CLB8E36443'),
(290, 11, '73', '2017-02-23 19:17:36', 'CLB8E36443'),
(290, 12, '33', '2017-02-23 18:39:07', 'CLB8E36443'),
(290, 13, '80', '2017-02-23 19:18:36', 'CLB8E36443'),
(290, 14, '22', '2017-02-23 19:18:07', 'CLB8E36443'),
(290, 15, '23', '2017-02-23 19:17:28', 'CLB8E36443'),
(290, 16, '82', '2017-02-23 19:17:32', 'CLB8E36443'),
(290, 17, '76', '2017-02-23 19:17:56', 'CLB8E36443'),
(290, 18, '61', '2017-02-23 19:18:53', 'CLB8E36443'),
(290, 19, '25', '2017-02-23 19:17:43', 'CLB8E36443'),
(290, 20, '34', '2017-02-23 19:18:40', 'CLB8E36443'),
(290, 21, '36', '2017-02-23 19:18:29', 'CLB8E36443'),
(290, 22, '13', '2017-02-23 19:18:19', 'CLB8E36443'),
(290, 23, '2', '2017-02-23 18:39:11', 'CLB8E36443'),
(291, 1, '60', '2017-02-23 19:16:56', 'CLB8E36443'),
(291, 2, '72', '2017-02-23 19:17:17', 'CLB8E36443'),
(291, 3, '30', '2017-02-23 19:17:07', 'CLB8E36443'),
(291, 4, '50', '2017-02-23 19:18:21', 'CLB8E36443'),
(291, 5, '69', '2017-02-23 19:17:54', 'CLB8E36443'),
(291, 6, '59', '2017-02-23 19:17:39', 'CLB8E36443'),
(291, 7, '30', '2017-02-23 19:17:21', 'CLB8E36443'),
(291, 8, '33', '2017-02-23 19:17:51', 'CLB8E36443'),
(291, 9, '50', '2017-02-23 18:39:54', 'CLB8E36443'),
(291, 10, '50', '2017-02-23 19:18:08', 'CLB8E36443'),
(291, 11, '31', '2017-02-23 19:17:43', 'CLB8E36443'),
(291, 12, '77', '2017-02-23 18:40:00', 'CLB8E36443'),
(291, 13, '85', '2017-02-23 19:18:41', 'CLB8E36443'),
(291, 14, '37', '2017-02-23 19:18:00', 'CLB8E36443'),
(291, 15, '5', '2017-02-23 19:17:35', 'CLB8E36443'),
(291, 16, '80', '2017-02-23 19:17:13', 'CLB8E36443'),
(291, 17, '89', '2017-02-23 19:17:27', 'CLB8E36443'),
(291, 18, '80', '2017-02-23 19:17:02', 'CLB8E36443'),
(291, 19, '59', '2017-02-23 19:18:28', 'CLB8E36443'),
(291, 20, '77', '2017-02-23 19:17:47', 'CLB8E36443'),
(291, 21, '80', '2017-02-23 19:18:31', 'CLB8E36443'),
(291, 22, '80', '2017-02-23 19:17:30', 'CLB8E36443'),
(291, 23, '14', '2017-02-23 18:40:04', 'CLB8E36443'),
(292, 1, '50', '2017-02-23 19:17:10', 'CLB8E36443'),
(292, 2, '62', '2017-02-23 19:18:35', 'CLB8E36443'),
(292, 3, '18', '2017-02-23 19:19:17', 'CLB8E36443'),
(292, 4, '50', '2017-02-23 19:19:37', 'CLB8E36443'),
(292, 5, '74', '2017-02-23 19:18:03', 'CLB8E36443'),
(292, 6, '75', '2017-02-23 19:19:53', 'CLB8E36443'),
(292, 7, '8', '2017-02-23 19:18:56', 'CLB8E36443'),
(292, 8, '11', '2017-02-23 19:18:12', 'CLB8E36443'),
(292, 9, '80', '2017-02-23 18:39:33', 'CLB8E36443'),
(292, 10, '64', '2017-02-23 19:18:24', 'CLB8E36443'),
(292, 11, '70', '2017-02-23 19:19:22', 'CLB8E36443'),
(292, 12, '50', '2017-02-23 18:39:36', 'CLB8E36443'),
(292, 13, '74', '2017-02-23 19:17:16', 'CLB8E36443'),
(292, 14, '50', '2017-02-23 19:19:41', 'CLB8E36443'),
(292, 15, '13', '2017-02-23 19:17:50', 'CLB8E36443'),
(292, 16, '69', '2017-02-23 19:18:45', 'CLB8E36443'),
(292, 17, '66', '2017-02-23 19:19:48', 'CLB8E36443'),
(292, 18, '73', '2017-02-23 19:17:29', 'CLB8E36443'),
(292, 19, '50', '2017-02-23 19:20:03', 'CLB8E36443'),
(292, 20, '65', '2017-02-23 19:19:29', 'CLB8E36443'),
(292, 21, '82', '2017-02-23 19:17:53', 'CLB8E36443'),
(292, 22, '74', '2017-02-23 19:17:57', 'CLB8E36443'),
(292, 23, '30', '2017-02-23 18:39:49', 'CLB8E36443'),
(293, 1, '50', '2017-02-23 19:17:04', 'CLB8E36443'),
(293, 2, '61', '2017-02-23 19:19:32', 'CLB8E36443'),
(293, 3, '93', '2017-02-23 19:17:58', 'CLB8E36443'),
(293, 4, '50', '2017-02-23 19:19:36', 'CLB8E36443'),
(293, 5, '72', '2017-02-23 19:18:54', 'CLB8E36443'),
(293, 6, '10', '2017-02-23 19:19:45', 'CLB8E36443'),
(293, 7, '77', '2017-02-23 19:19:03', 'CLB8E36443'),
(293, 8, '9', '2017-02-23 19:17:46', 'CLB8E36443'),
(293, 9, '5', '2017-02-23 18:39:39', 'CLB8E36443'),
(293, 10, '8', '2017-02-23 19:18:45', 'CLB8E36443'),
(293, 11, '9', '2017-02-23 19:19:09', 'CLB8E36443'),
(293, 12, '50', '2017-02-23 18:39:43', 'CLB8E36443'),
(293, 13, '46', '2017-02-23 19:17:30', 'CLB8E36443'),
(293, 14, '50', '2017-02-23 19:18:35', 'CLB8E36443'),
(293, 15, '69', '2017-02-23 19:19:17', 'CLB8E36443'),
(293, 16, '89', '2017-02-23 19:18:09', 'CLB8E36443'),
(293, 17, '91', '2017-02-23 19:18:21', 'CLB8E36443'),
(293, 18, '67', '2017-02-23 19:17:16', 'CLB8E36443'),
(293, 19, '50', '2017-02-23 19:18:39', 'CLB8E36443'),
(293, 20, '33', '2017-02-23 19:19:23', 'CLB8E36443'),
(293, 21, '9', '2017-02-23 19:17:09', 'CLB8E36443'),
(293, 22, '50', '2017-02-23 19:17:33', 'CLB8E36443'),
(293, 23, '95', '2017-02-23 18:39:53', 'CLB8E36443'),
(294, 1, '67', '2017-02-23 19:17:15', 'CLB8E36443'),
(294, 2, '67', '2017-02-23 19:20:25', 'CLB8E36443'),
(294, 3, '72', '2017-02-23 19:18:07', 'CLB8E36443'),
(294, 4, '64', '2017-02-23 19:19:58', 'CLB8E36443'),
(294, 5, '64', '2017-02-23 19:20:44', 'CLB8E36443'),
(294, 6, '30', '2017-02-23 19:18:57', 'CLB8E36443'),
(294, 7, '38', '2017-02-23 19:18:50', 'CLB8E36443'),
(294, 8, '32', '2017-02-23 19:18:29', 'CLB8E36443'),
(294, 9, '83', '2017-02-23 18:40:16', 'CLB8E36443'),
(294, 10, '50', '2017-02-23 19:21:13', 'CLB8E36443'),
(294, 11, '50', '2017-02-23 19:19:12', 'CLB8E36443'),
(294, 12, '50', '2017-02-23 18:40:22', 'CLB8E36443'),
(294, 13, '50', '2017-02-23 19:18:42', 'CLB8E36443'),
(294, 14, '67', '2017-02-23 19:17:51', 'CLB8E36443'),
(294, 15, '65', '2017-02-23 19:20:37', 'CLB8E36443'),
(294, 16, '72', '2017-02-23 19:17:27', 'CLB8E36443'),
(294, 17, '69', '2017-02-23 19:18:20', 'CLB8E36443'),
(294, 18, '64', '2017-02-23 19:17:39', 'CLB8E36443'),
(294, 19, '59', '2017-02-23 19:21:31', 'CLB8E36443'),
(294, 20, '50', '2017-02-23 19:19:16', 'CLB8E36443'),
(294, 21, '64', '2017-02-23 19:21:23', 'CLB8E36443'),
(294, 22, '29', '2017-02-23 19:19:04', 'CLB8E36443'),
(294, 23, '69', '2017-02-23 18:40:32', 'CLB8E36443'),
(295, 1, '67', '2017-02-23 19:17:57', 'CLB8E36443'),
(295, 2, '31', '2017-02-23 19:19:12', 'CLB8E36443'),
(295, 3, '30', '2017-02-23 19:19:45', 'CLB8E36443'),
(295, 4, '29', '2017-02-23 19:18:27', 'CLB8E36443'),
(295, 5, '35', '2017-02-23 19:18:57', 'CLB8E36443'),
(295, 6, '88', '2017-02-23 19:19:56', 'CLB8E36443'),
(295, 7, '9', '2017-02-23 19:18:11', 'CLB8E36443'),
(295, 8, '2', '2017-02-23 19:19:34', 'CLB8E36443'),
(295, 9, '79', '2017-02-23 18:39:46', 'CLB8E36443'),
(295, 10, '87', '2017-02-23 19:18:06', 'CLB8E36443'),
(295, 11, '75', '2017-02-23 19:18:47', 'CLB8E36443'),
(295, 12, '89', '2017-02-23 18:39:49', 'CLB8E36443'),
(295, 13, '34', '2017-02-23 19:19:05', 'CLB8E36443'),
(295, 14, '26', '2017-02-23 19:18:43', 'CLB8E36443'),
(295, 15, '9', '2017-02-23 19:19:53', 'CLB8E36443'),
(295, 16, '33', '2017-02-23 19:19:39', 'CLB8E36443'),
(295, 17, '39', '2017-02-23 19:18:53', 'CLB8E36443'),
(295, 18, '73', '2017-02-23 19:18:33', 'CLB8E36443'),
(295, 19, '29', '2017-02-23 19:18:17', 'CLB8E36443'),
(295, 20, '17', '2017-02-23 19:19:49', 'CLB8E36443'),
(295, 21, '72', '2017-02-23 19:18:02', 'CLB8E36443'),
(295, 22, '70', '2017-02-23 19:18:37', 'CLB8E36443'),
(295, 23, '30', '2017-02-23 18:39:53', 'CLB8E36443'),
(296, 1, '25', '2017-02-23 19:17:02', 'CLB8E36443'),
(296, 2, '33', '2017-02-23 19:18:46', 'CLB8E36443'),
(296, 3, '75', '2017-02-23 19:18:56', 'CLB8E36443'),
(296, 4, '25', '2017-02-23 19:20:12', 'CLB8E36443'),
(296, 5, '33', '2017-02-23 19:19:36', 'CLB8E36443'),
(296, 6, '78', '2017-02-23 19:18:38', 'CLB8E36443'),
(296, 7, '1', '2017-02-23 19:17:42', 'CLB8E36443'),
(296, 8, '1', '2017-02-23 19:17:50', 'CLB8E36443'),
(296, 9, '77', '2017-02-23 18:41:26', 'CLB8E36443'),
(296, 10, '71', '2017-02-23 19:18:03', 'CLB8E36443'),
(296, 11, '69', '2017-02-23 19:19:44', 'CLB8E36443'),
(296, 12, '72', '2017-02-23 18:41:35', 'CLB8E36443'),
(296, 13, '9', '2017-02-23 19:20:03', 'CLB8E36443'),
(296, 14, '23', '2017-02-23 19:20:23', 'CLB8E36443'),
(296, 15, '8', '2017-02-23 19:18:30', 'CLB8E36443'),
(296, 16, '40', '2017-02-23 19:17:16', 'CLB8E36443'),
(296, 17, '22', '2017-02-23 19:19:54', 'CLB8E36443'),
(296, 18, '5', '2017-02-23 19:18:13', 'CLB8E36443'),
(296, 19, '5', '2017-02-23 19:19:12', 'CLB8E36443'),
(296, 20, '12', '2017-02-23 19:19:21', 'CLB8E36443'),
(296, 21, '66', '2017-02-23 19:19:02', 'CLB8E36443'),
(296, 22, '50', '2017-02-23 19:17:09', 'CLB8E36443'),
(296, 23, '50', '2017-02-23 18:41:42', 'CLB8E36443'),
(297, 1, '66', '2017-02-23 19:17:38', 'CLB8E36443'),
(297, 2, '79', '2017-02-23 19:17:55', 'CLB8E36443'),
(297, 3, '17', '2017-02-23 19:20:42', 'CLB8E36443'),
(297, 4, '66', '2017-02-23 19:17:47', 'CLB8E36443'),
(297, 5, '100', '2017-02-23 19:19:44', 'CLB8E36443'),
(297, 6, '52', '2017-02-23 19:18:49', 'CLB8E36443'),
(297, 7, '1', '2017-02-23 19:19:23', 'CLB8E36443'),
(297, 8, '1', '2017-02-23 19:18:09', 'CLB8E36443'),
(297, 9, '100', '2017-02-23 18:41:32', 'CLB8E36443'),
(297, 10, '17', '2017-02-23 19:20:01', 'CLB8E36443'),
(297, 11, '10', '2017-02-23 19:18:19', 'CLB8E36443'),
(297, 12, '100', '2017-02-23 18:41:41', 'CLB8E36443'),
(297, 13, '100', '2017-02-23 19:18:25', 'CLB8E36443'),
(297, 14, '1', '2017-02-23 19:18:58', 'CLB8E36443'),
(297, 15, '1', '2017-02-23 19:20:13', 'CLB8E36443'),
(297, 16, '100', '2017-02-23 19:20:33', 'CLB8E36443'),
(297, 17, '100', '2017-02-23 19:20:23', 'CLB8E36443'),
(297, 18, '70', '2017-02-23 19:19:08', 'CLB8E36443'),
(297, 19, '66', '2017-02-23 19:18:40', 'CLB8E36443'),
(297, 20, '18', '2017-02-23 19:19:38', 'CLB8E36443'),
(297, 21, '100', '2017-02-23 19:19:13', 'CLB8E36443'),
(297, 22, '100', '2017-02-23 19:17:59', 'CLB8E36443'),
(297, 23, '1', '2017-02-23 18:41:46', 'CLB8E36443');

-- --------------------------------------------------------

--
-- Table structure for table `classes`
--

CREATE TABLE IF NOT EXISTS `classes` (
  `classID` varchar(10) CHARACTER SET utf8 NOT NULL,
  `title` varchar(100) CHARACTER SET utf8 NOT NULL,
  `activation_date` timestamp NOT NULL DEFAULT '0000-00-00 00:00:00',
  `deactivation_date` timestamp NOT NULL DEFAULT '0000-00-00 00:00:00'
) ENGINE=InnoDB DEFAULT CHARSET=latin1;

--
-- RELATIONS FOR TABLE `classes`:
--   `classID`
--       `answers` -> `classID`
--

--
-- Dumping data for table `classes`
--

INSERT INTO `classes` (`classID`, `title`, `activation_date`, `deactivation_date`) VALUES
('CL1C2BC78B', 'restful part timers', '2017-02-16 18:47:23', '2017-02-16 19:19:47'),
('CL2326AC4A', 'RESTfulfull timers', '2017-02-15 13:11:04', '2017-02-15 14:23:36'),
('CL73774465', 'MVCparttimers', '2017-02-09 18:46:04', '2017-02-09 20:30:00'),
('CL95CF3268', 'MVC fulltimers', '2017-02-08 13:18:49', '2017-02-08 14:04:01'),
('CLA32D8DDD', 'Test Driven Development  part timers', '2017-02-02 18:43:07', '2017-02-02 19:43:00'),
('CLB8E36443', 'DB and web app part timer', '2017-02-23 18:43:18', '2017-02-23 19:16:43'),
('CLC6C0CF4C', 'DB and web app full timers', '2017-02-22 13:10:52', '2017-02-22 13:30:05'),
('CLC977337C', 'Testdriven development full timers', '2017-02-01 13:09:41', '2017-02-01 14:03:54');

-- --------------------------------------------------------

--
-- Table structure for table `languages`
--

CREATE TABLE IF NOT EXISTS `languages` (
`id` int(11) NOT NULL,
  `desc` text CHARACTER SET utf8 NOT NULL
) ENGINE=InnoDB  DEFAULT CHARSET=latin1 AUTO_INCREMENT=6 ;

--
-- Dumping data for table `languages`
--

INSERT INTO `languages` (`id`, `desc`) VALUES
(1, 'english'),
(2, 'french'),
(3, 'italian'),
(4, 'spanish'),
(5, 'portuguese');

-- --------------------------------------------------------

--
-- Table structure for table `questions`
--

CREATE TABLE IF NOT EXISTS `questions` (
`id` int(4) NOT NULL,
  `desc` text CHARACTER SET utf8 NOT NULL,
  `slider_min` int(11) NOT NULL DEFAULT '0',
  `slider_max` int(11) NOT NULL DEFAULT '100',
  `label_min` text CHARACTER SET utf8 NOT NULL,
  `label_max` text CHARACTER SET utf8 NOT NULL,
  `extralabel1` text CHARACTER SET utf8 NOT NULL,
  `extralabel2` text CHARACTER SET utf8 NOT NULL,
  `extralabel3` text CHARACTER SET utf8 NOT NULL
) ENGINE=InnoDB  DEFAULT CHARSET=latin1 AUTO_INCREMENT=24 ;

--
-- RELATIONS FOR TABLE `questions`:
--   `id`
--       `answers` -> `id_question`
--

--
-- Dumping data for table `questions`
--

INSERT INTO `questions` (`id`, `desc`, `slider_min`, `slider_max`, `label_min`, `label_max`, `extralabel1`, `extralabel2`, `extralabel3`) VALUES
(1, 'Mental workload', 1, 100, 'extreme underload', 'extreme overload', 'underload', 'optimal load', 'overload'),
(2, 'Mental demand', 1, 100, 'very simple', 'very complex', 'simple', 'moderate', 'complex'),
(3, 'Frustration', 1, 100, 'very relaxed', 'very frustrated', 'relaxed', 'normal', 'annoyed'),
(4, 'Temporal demand', 1, 100, 'very slow', 'very rapid', 'slow', 'moderate', 'rapid'),
(5, 'Effort', 1, 100, 'very low', 'extremely', 'slightly', 'moderately', 'considerably'),
(6, 'Performance', 1, 100, 'not at all', 'extremely', 'slightly', 'moderately', 'considerably'),
(7, 'Parallelism', 1, 100, 'only this task', 'too many tasks', 'some other task', 'various tasks', 'several tasks'),
(8, 'Context Bias', 1, 100, 'not influential', 'extremely influential', 'some influence', 'moderate influence', 'considerable influence'),
(9, 'MotivationPRE', 1, 100, 'not at all', 'extremely', 'slightly', 'moderately', 'considerably'),
(10, 'Skill', 1, 100, 'not influential', 'extremely influential', 'some influence', 'moderate influence', 'considerable influence'),
(11, 'Past knowledge', 1, 100, 'no knowledge', 'full knowledge', 'some knowledge', 'moderate knowledge', 'considerable knowledge'),
(12, 'AlertnessPRE', 1, 100, 'extremely sleepy', 'fully activated', 'sleepy', 'normally awake', 'activated'),
(13, 'Solving and deciding', 1, 100, 'no attention', 'total attention', 'some attention', 'moderate attention', 'considerable attention'),
(14, 'Selection of response', 1, 100, 'no attention', 'total attention', 'some attention', 'moderate attention', 'considerable attention'),
(15, 'Task and space', 1, 100, 'no attention', 'total attention', 'some attention', 'moderate attention', 'considerable attention'),
(16, 'Verbal material', 1, 100, 'no attention', 'total attention', 'some attention', 'moderate attention', 'considerable attention'),
(17, 'Visual resources', 1, 100, 'no attention', 'total attention', 'some attention', 'moderate attention', 'considerable attention'),
(18, 'Auditory resources', 1, 100, 'no attention', 'total attention', 'some attention', 'moderate attention', 'considerable attention'),
(19, 'Manual response', 1, 100, 'no attention', 'total attention', 'some attention', 'moderate attention', 'considerable attention'),
(20, 'Speech response', 1, 100, 'no attention', 'total attention', 'some attention', 'moderate attention', 'considerable attention'),
(21, 'Motivation', 1, 100, 'not at all', 'extremely', 'slightly', 'moderately', 'considerably'),
(22, 'Alertness', 1, 100, 'extremely sleepy', 'fully activated', 'sleepy', 'normally awake', 'activated'),
(23, 'FrustrationPRE', 1, 100, 'very relaxed', 'very frustrated', 'relaxed', 'normal', 'annoyed');

-- --------------------------------------------------------

--
-- Table structure for table `questions_in_languages`
--

CREATE TABLE IF NOT EXISTS `questions_in_languages` (
  `idquestion` int(11) NOT NULL,
  `idlanguage` int(11) NOT NULL,
  `desc` text CHARACTER SET utf8 NOT NULL,
  `title` text CHARACTER SET utf8 NOT NULL
) ENGINE=InnoDB DEFAULT CHARSET=latin1;

--
-- RELATIONS FOR TABLE `questions_in_languages`:
--   `idquestion`
--       `questions` -> `id`
--   `idlanguage`
--       `languages` -> `id`
--

--
-- Dumping data for table `questions_in_languages`
--

INSERT INTO `questions_in_languages` (`idquestion`, `idlanguage`, `desc`, `title`) VALUES
(1, 1, 'How much mental workload did the activities in the class impose on you?', 'Mental workload'),
(2, 1, 'How much mental and perceptual activity was required by the activities in the class? In other words, was the class easy or demanding (simple or complex)?', 'Mental demand'),
(3, 1, 'How irritated, stressed and annoyed versus content, relaxed, and complacent did you feel during the class? In other words, what was your state of mind while attending the class and its activities: were you generally feeling quite irritated, stressed and annoyed or were you quite content and relaxed during the actual peer review process?', 'Frustration'),
(4, 1, 'How much time pressure did you feel due to the pace at which the class and its activities occurred? In other words, was the pace slow or rapid?', 'Temporal demand'),
(5, 1, 'How hard did you have to work (mentally) to accomplish your level of performance during the class?', 'Effort'),
(6, 1, 'How successful were you in the class? In other words, how satisfied were you with your level of performance?', 'Performance'),
(7, 1, 'Did you attend just this class or were you engaged in other parallel tasks (mobile browsing/social networks, chatting, reading, conversations etc.) during the class?', 'Parallelism'),
(8, 1, 'How often were you interrupted during the class? In other words, were distractions (mobile, interruptions, noise, questions, other activities, etc.) not influential or did they negatively influence your attention towards the class?', 'Context bias'),
(9, 1, 'Are you motivated to attend this class?', 'Motivation'),
(10, 1, 'Did your skills, in the specific domain/topics of the class you have attended, have no influence or did they facilitate your understanding an participation?', 'Skill'),
(11, 1, 'How much experience/knowledge do you have with the topics and instructional material presented in the class?', 'Past knowledge and expertise'),
(12, 1, 'Are you alerted? In other words, are you sleepy/tired or fully activated/awake?', 'Alertness'),
(13, 1, 'How much attention was required in the class for activities like remembering, problem-solving, decision-making and perceiving (eg. consulting instructional material, recognising and identifying relevant information, mathematical calculations, etc.)?', 'Solving and deciding'),
(14, 1, 'How much attention was required for selecting the proper response channel and its execution?(eg. manual->keyboard/mouse, speech->voice)', 'Selection of response'),
(15, 1, 'How much attention was required for spatial processing (spatially pay attention around you)?', 'Task and space'),
(16, 1, 'How much attention was required for verbal material (eg. reading or processing linguistic material or listening to verbal conversations)?', 'Verbal material'),
(17, 1, 'How much attention was required for executing the activities in the class based on the information visually received (through eyes)?', 'Visual resources'),
(18, 1, 'How much attention was required for executing the activities in the class based on the information auditorily received (ears)?', 'Auditory resources'),
(19, 1, 'How much attention was required for manually respond to the activities in the class (eg. keyboard/mouse usage or writing or gestures)?', 'Manual response'),
(20, 1, 'How much attention was required for producing the speech response (eg. engaging in a conversation or talk or making/answering questions)?', 'Speech response'),
(21, 1, 'Are you motivated after this class?', 'Motivation'),
(22, 1, 'Were you alerted during the class? In other words, were you sleepy/tired or fully activated/awake?', 'Alertness'),
(23, 1, 'How irritated, stressed and annoyed versus content, relaxed, and complacent are you?', 'Frustration');

-- --------------------------------------------------------

--
-- Table structure for table `user`
--

CREATE TABLE IF NOT EXISTS `user` (
`id_user` int(11) NOT NULL,
  `desc_user` varchar(50) CHARACTER SET utf16 NOT NULL,
  `gender` varchar(6) CHARACTER SET utf8 NOT NULL,
  `born` varchar(5) NOT NULL,
  `mothertongue` text CHARACTER SET utf8 NOT NULL,
  `classID` varchar(10) CHARACTER SET utf8 NOT NULL
) ENGINE=InnoDB  DEFAULT CHARSET=latin1 AUTO_INCREMENT=386 ;

--
-- RELATIONS FOR TABLE `user`:
--   `classID`
--       `classes` -> `classID`
--

--
-- Dumping data for table `user`
--

INSERT INTO `user` (`id_user`, `desc_user`, `gender`, `born`, `mothertongue`, `classID`) VALUES
(191, 'd00000000@mydit.ie', 'male', '27-28', 'german', 'CLC977337C'),
(192, '', 'female', '31-35', 'german', 'CLC977337C'),
(193, '', 'male', '29-30', 'other', 'CLC977337C'),
(194, '', 'male', '29-30', 'chineseSimpl', 'CLC977337C'),
(195, '', 'female', '27-28', 'norwegian', 'CLC977337C'),
(196, '', 'male', '21-22', 'other', 'CLC977337C'),
(197, '', 'male', '25-26', 'spanish', 'CLC977337C'),
(198, '', 'male', '25-26', 'english', 'CLC977337C'),
(199, '', 'male', '23-24', 'chineseSimpl', 'CLC977337C'),
(200, '', 'female', '25-26', 'english', 'CLC977337C'),
(201, '', 'male', '23-24', 'english', 'CLA32D8DDD'),
(202, '', 'male', '23-24', 'english', 'CLA32D8DDD'),
(203, '', 'female', '27-28', 'english', 'CLA32D8DDD'),
(204, '', 'male', '29-30', 'english', 'CLA32D8DDD'),
(205, '', 'male', '31-35', 'english', 'CLA32D8DDD'),
(206, '', 'male', '25-26', 'english', 'CLA32D8DDD'),
(207, '', 'male', '31-35', 'english', 'CLA32D8DDD'),
(208, '', 'male', '29-30', 'english', 'CLA32D8DDD'),
(209, '', 'female', '25-26', 'english', 'CLA32D8DDD'),
(210, '', 'male', '31-35', 'english', 'CLA32D8DDD'),
(211, '', 'female', '31-35', 'polish', 'CLA32D8DDD'),
(212, '', 'male', '31-35', 'french', 'CLA32D8DDD'),
(213, '', 'male', '27-28', 'other', 'CLA32D8DDD'),
(214, '', 'female', '41-45', 'english', 'CLA32D8DDD'),
(215, '', 'male', '36-40', 'english', 'CLA32D8DDD'),
(218, '', 'female', '25-26', 'english', 'CL95CF3268'),
(219, '', 'male', '23-24', 'chineseSimpl', 'CL95CF3268'),
(220, '', 'male', '29-30', 'chineseSimpl', 'CL95CF3268'),
(221, '', 'female', '31-35', 'german', 'CL95CF3268'),
(222, '', 'male', '25-26', 'spanish', 'CL95CF3268'),
(223, '', 'male', '27-28', 'german', 'CL95CF3268'),
(224, '', 'male', '23-24', 'chineseSimpl', 'CL95CF3268'),
(225, '', 'male', '29-30', 'other', 'CL95CF3268'),
(226, '', 'female', '27-28', 'norwegian', 'CL95CF3268'),
(227, '', 'female', '41-45', 'english', 'CL95CF3268'),
(228, '', 'male', '25-26', 'portuguese', 'CL95CF3268'),
(229, '', 'male', '23-24', 'other', 'CL95CF3268'),
(232, '', 'male', '36-40', 'english', 'CL73774465'),
(233, '', 'female', '25-26', 'english', 'CL73774465'),
(234, '', 'male', '29-30', 'english', 'CL73774465'),
(235, '', 'male', '31-35', 'french', 'CL73774465'),
(236, '', 'male', '25-26', 'english', 'CL73774465'),
(237, '', 'male', '25-26', 'english', 'CL73774465'),
(238, '', 'male', '31-35', 'english', 'CL73774465'),
(239, '', 'male', '31-35', 'english', 'CL73774465'),
(240, '', 'male', '27-28', 'other', 'CL73774465'),
(241, '', 'male', '25-26', 'english', 'CL73774465'),
(242, '', 'female', '31-35', 'polish', 'CL73774465'),
(243, '', 'male', '27-28', 'english', 'CL73774465'),
(244, '', 'male', '36-40', 'english', 'CL73774465'),
(245, '', 'male', '23-24', 'english', 'CL73774465'),
(246, '', 'female', '27-28', 'english', 'CL73774465'),
(247, '', 'male', '29-30', 'spanish', 'CL73774465'),
(248, '', 'female', '36-40', 'english', 'CL73774465'),
(250, '', 'male', '27-28', 'german', 'CL2326AC4A'),
(251, '', 'female', '31-35', 'german', 'CL2326AC4A'),
(252, '', 'male', '23-24', 'chineseSimpl', 'CL2326AC4A'),
(253, '', 'male', '25-26', 'spanish', 'CL2326AC4A'),
(254, '', 'male', '23-24', 'chineseSimpl', 'CL2326AC4A'),
(255, '', 'female', '25-26', 'english', 'CL2326AC4A'),
(256, '', 'female', '27-28', 'norwegian', 'CL2326AC4A'),
(257, '', 'female', '41-45', 'english', 'CL2326AC4A'),
(258, '', 'male', '21-22', 'other', 'CL2326AC4A'),
(259, '', 'male', '25-26', 'portuguese', 'CL2326AC4A'),
(260, '', 'male', '31-35', 'english', 'CL1C2BC78B'),
(261, '', 'male', '31-35', 'english', 'CL1C2BC78B'),
(262, '', 'male', '25-26', 'english', 'CL1C2BC78B'),
(263, '', 'male', '29-30', 'spanish', 'CL1C2BC78B'),
(264, '', 'male', '25-26', 'english', 'CL1C2BC78B'),
(265, '', 'male', '29-30', 'english', 'CL1C2BC78B'),
(266, '', 'male', '29-30', 'english', 'CL1C2BC78B'),
(267, '', 'female', '27-28', 'english', 'CL1C2BC78B'),
(268, '', 'male', '27-28', 'other', 'CL1C2BC78B'),
(269, '', 'female', '25-26', 'english', 'CL1C2BC78B'),
(270, '', 'male', '23-24', 'english', 'CL1C2BC78B'),
(271, '', 'female', '29-30', 'polish', 'CL1C2BC78B'),
(272, '', 'female', '41-45', 'english', 'CL1C2BC78B'),
(275, '', 'male', '27-28', 'german', 'CLC6C0CF4C'),
(276, '', 'male', '25-26', 'portuguese', 'CLC6C0CF4C'),
(277, '', 'male', '29-30', 'other', 'CLC6C0CF4C'),
(278, '', 'male', '23-24', 'chineseSimpl', 'CLC6C0CF4C'),
(279, '', 'female', '25-26', 'english', 'CLC6C0CF4C'),
(280, '', 'male', '29-30', 'chineseSimpl', 'CLC6C0CF4C'),
(281, '', 'female', '31-35', 'german', 'CLC6C0CF4C'),
(282, '', 'male', '23-24', 'chineseSimpl', 'CLC6C0CF4C'),
(283, '', 'male', '23-24', 'other', 'CLC6C0CF4C'),
(284, '', 'female', '41-45', 'english', 'CLC6C0CF4C'),
(285, '', 'female', '27-28', 'norwegian', 'CLC6C0CF4C'),
(286, '', 'male', '25-26', 'english', 'CLB8E36443'),
(287, '', 'male', '31-35', 'english', 'CLB8E36443'),
(288, '', 'male', '31-35', 'english', 'CLB8E36443'),
(289, '', 'male', '25-26', 'english', 'CLB8E36443'),
(290, '', 'female', '25-26', 'english', 'CLB8E36443'),
(291, '', 'male', '29-30', 'english', 'CLB8E36443'),
(292, '', 'male', '27-28', 'other', 'CLB8E36443'),
(293, '', 'female', '27-28', 'english', 'CLB8E36443'),
(294, '', 'female', '31-35', 'polish', 'CLB8E36443'),
(295, '', 'male', '23-24', 'english', 'CLB8E36443'),
(296, '', 'male', '36-40', 'english', 'CLB8E36443'),
(297, '', 'female', '41-45', 'english', 'CLB8E36443');

--
-- Indexes for dumped tables
--

--
-- Indexes for table `answers`
--
ALTER TABLE `answers`
 ADD UNIQUE KEY `id_user` (`id_user`,`id_question`), ADD KEY `classID` (`classID`), ADD KEY `id_question` (`id_question`);

--
-- Indexes for table `classes`
--
ALTER TABLE `classes`
 ADD PRIMARY KEY (`classID`);

--
-- Indexes for table `languages`
--
ALTER TABLE `languages`
 ADD PRIMARY KEY (`id`);

--
-- Indexes for table `questions`
--
ALTER TABLE `questions`
 ADD PRIMARY KEY (`id`);

--
-- Indexes for table `questions_in_languages`
--
ALTER TABLE `questions_in_languages`
 ADD UNIQUE KEY `idquestion` (`idquestion`,`idlanguage`), ADD KEY `idlanguage` (`idlanguage`);

--
-- Indexes for table `user`
--
ALTER TABLE `user`
 ADD PRIMARY KEY (`id_user`), ADD KEY `class_id` (`classID`);

--
-- AUTO_INCREMENT for dumped tables
--

--
-- AUTO_INCREMENT for table `languages`
--
ALTER TABLE `languages`
MODIFY `id` int(11) NOT NULL AUTO_INCREMENT,AUTO_INCREMENT=6;
--
-- AUTO_INCREMENT for table `questions`
--
ALTER TABLE `questions`
MODIFY `id` int(4) NOT NULL AUTO_INCREMENT,AUTO_INCREMENT=24;
--
-- AUTO_INCREMENT for table `user`
--
ALTER TABLE `user`
MODIFY `id_user` int(11) NOT NULL AUTO_INCREMENT,AUTO_INCREMENT=386;
--
-- Constraints for dumped tables
--

--
-- Constraints for table `classes`
--
ALTER TABLE `classes`
ADD CONSTRAINT `classes_ibfk_1` FOREIGN KEY (`classID`) REFERENCES `answers` (`classID`) ON DELETE NO ACTION ON UPDATE NO ACTION;

--
-- Constraints for table `questions`
--
ALTER TABLE `questions`
ADD CONSTRAINT `questions_ibfk_1` FOREIGN KEY (`id`) REFERENCES `answers` (`id_question`) ON DELETE NO ACTION ON UPDATE NO ACTION;

--
-- Constraints for table `questions_in_languages`
--
ALTER TABLE `questions_in_languages`
ADD CONSTRAINT `questions_in_languages_ibfk_1` FOREIGN KEY (`idquestion`) REFERENCES `questions` (`id`),
ADD CONSTRAINT `questions_in_languages_ibfk_2` FOREIGN KEY (`idlanguage`) REFERENCES `languages` (`id`);

--
-- Constraints for table `user`
--
ALTER TABLE `user`
ADD CONSTRAINT `user_ibfk_1` FOREIGN KEY (`classID`) REFERENCES `classes` (`classID`);

/*!40101 SET CHARACTER_SET_CLIENT=@OLD_CHARACTER_SET_CLIENT */;
/*!40101 SET CHARACTER_SET_RESULTS=@OLD_CHARACTER_SET_RESULTS */;
/*!40101 SET COLLATION_CONNECTION=@OLD_COLLATION_CONNECTION */;
